Thickness,BedTop,GS,SectName,SectLoc,UTM_E,UTM_N,BedNumber,Reservoir,Amalg,Facies,FaciesBlockNum,Element,ElementBlockNum,ElementSet,ElementSetBlockNum,BedThick,BedMeanGS,BedMaxGS,FaciesThick,FaciesMeanGS,FaciesNetGross,ElementThick,ElementMeanGS,ElementNetGross,ElementSetThick,ElementSetMeanGS,ElementSetNetGross
0.01,0,1.025302708,ValidationSection,ValidationDataset,436443,5449119,1,0,0,FaciesA,1,ElementA,1,ElementSetA,1,,,,,,,,,,,,
0.02,0,1.025302708,ValidationSection,ValidationDataset,436443,5449119,1,0,0,FaciesA,1,ElementA,1,ElementSetA,1,,,,,,,,,,,,
0.03,0,1.079331658,ValidationSection,ValidationDataset,436443,5449119,1,0,0,FaciesA,1,ElementA,1,ElementSetA,1,,,,,,,,,,,,
0.04,0,1.133360608,ValidationSection,ValidationDataset,436443,5449119,1,0,0,FaciesA,1,ElementA,1,ElementSetA,1,,,,,,,,,,,,
0.05,0,1.187389558,ValidationSection,ValidationDataset,436443,5449119,1,0,0,FaciesA,1,ElementA,1,ElementSetA,1,,,,,,,,,,,,
0.06,0,1.241418508,ValidationSection,ValidationDataset,436443,5449119,1,0,0,FaciesA,1,ElementA,1,ElementSetA,1,,,,,,,,,,,,
0.07,0,1.295447458,ValidationSection,ValidationDataset,436443,5449119,1,0,0,FaciesA,1,ElementA,1,ElementSetA,1,,,,,,,,,,,,
0.08,0,1.349476407,ValidationSection,ValidationDataset,436443,5449119,1,0,0,FaciesA,1,ElementA,1,ElementSetA,1,,,,,,,,,,,,
0.09,0,1.403505357,ValidationSection,ValidationDataset,436443,5449119,1,0,0,FaciesA,1,ElementA,1,ElementSetA,1,,,,,,,,,,,,
0.1,0,1.457534307,ValidationSection,ValidationDataset,436443,5449119,1,0,0,FaciesA,1,ElementA,1,ElementSetA,1,,,,,,,,,,,,
0.11,0,1.511563257,ValidationSection,ValidationDataset,436443,5449119,1,0,0,FaciesA,1,ElementA,1,ElementSetA,1,,,,,,,,,,,,
0.12,0,1.565592207,ValidationSection,ValidationDataset,436443,5449119,1,0,0,FaciesA,1,ElementA,1,ElementSetA,1,,,,,,,,,,,,
0.13,0,1.619621157,ValidationSection,ValidationDataset,436443,5449119,1,0,0,FaciesA,1,ElementA,1,ElementSetA,1,,,,,,,,,,,,
0.14,0,1.673650107,ValidationSection,ValidationDataset,436443,5449119,1,0,0,FaciesA,1,ElementA,1,ElementSetA,1,,,,,,,,,,,,
0.15,0,1.727679057,ValidationSection,ValidationDataset,436443,5449119,1,0,0,FaciesA,1,ElementA,1,ElementSetA,1,,,,,,,,,,,,
0.16,0,1.781708007,ValidationSection,ValidationDataset,436443,5449119,1,0,0,FaciesA,1,ElementA,1,ElementSetA,1,,,,,,,,,,,,
0.17,0,1.835736957,ValidationSection,ValidationDataset,436443,5449119,1,0,0,FaciesA,1,ElementA,1,ElementSetA,1,,,,,,,,,,,,
0.18,0,1.889765907,ValidationSection,ValidationDataset,436443,5449119,1,0,0,FaciesA,1,ElementA,1,ElementSetA,1,,,,,,,,,,,,
0.19,0,1.943794857,ValidationSection,ValidationDataset,436443,5449119,1,0,0,FaciesA,1,ElementA,1,ElementSetA,1,,,,,,,,,,,,
0.2,0,1.997823806,ValidationSection,ValidationDataset,436443,5449119,1,0,0,FaciesA,1,ElementA,1,ElementSetA,1,,,,,,,,,,,,
0.21,0,2.047158142,ValidationSection,ValidationDataset,436443,5449119,1,0,0,FaciesA,1,ElementA,1,ElementSetA,1,,,,,,,,,,,,
0.22,0,2.096492478,ValidationSection,ValidationDataset,436443,5449119,1,0,0,FaciesA,1,ElementA,1,ElementSetA,1,,,,,,,,,,,,
0.23,0,2.145826814,ValidationSection,ValidationDataset,436443,5449119,1,0,0,FaciesA,1,ElementA,1,ElementSetA,1,,,,,,,,,,,,
0.24,0,2.19516115,ValidationSection,ValidationDataset,436443,5449119,1,0,0,FaciesA,1,ElementA,1,ElementSetA,1,,,,,,,,,,,,
0.25,0,2.244495486,ValidationSection,ValidationDataset,436443,5449119,1,0,0,FaciesA,1,ElementA,1,ElementSetA,1,,,,,,,,,,,,
0.26,0,2.293829822,ValidationSection,ValidationDataset,436443,5449119,1,0,0,FaciesA,1,ElementA,1,ElementSetA,1,,,,,,,,,,,,
0.27,0,2.343164158,ValidationSection,ValidationDataset,436443,5449119,1,0,0,FaciesA,1,ElementA,1,ElementSetA,1,,,,,,,,,,,,
0.28,0,2.392498494,ValidationSection,ValidationDataset,436443,5449119,1,0,0,FaciesA,1,ElementA,1,ElementSetA,1,,,,,,,,,,,,
0.29,0,2.44183283,ValidationSection,ValidationDataset,436443,5449119,1,0,0,FaciesA,1,ElementA,1,ElementSetA,1,,,,,,,,,,,,
0.3,0,2.491167166,ValidationSection,ValidationDataset,436443,5449119,1,0,0,FaciesA,1,ElementA,1,ElementSetA,1,,,,,,,,,,,,
0.31,0,2.540501502,ValidationSection,ValidationDataset,436443,5449119,1,0,0,FaciesA,1,ElementA,1,ElementSetA,1,,,,,,,,,,,,
0.32,0,2.589835837,ValidationSection,ValidationDataset,436443,5449119,1,0,0,FaciesA,1,ElementA,1,ElementSetA,1,,,,,,,,,,,,
0.33,0,2.639170173,ValidationSection,ValidationDataset,436443,5449119,1,0,0,FaciesA,1,ElementA,1,ElementSetA,1,,,,,,,,,,,,
0.34,0,2.688504509,ValidationSection,ValidationDataset,436443,5449119,1,0,0,FaciesA,1,ElementA,1,ElementSetA,1,,,,,,,,,,,,
0.35,0,2.737838845,ValidationSection,ValidationDataset,436443,5449119,1,0,0,FaciesA,1,ElementA,1,ElementSetA,1,,,,,,,,,,,,
0.36,0,2.787173181,ValidationSection,ValidationDataset,436443,5449119,1,0,0,FaciesA,1,ElementA,1,ElementSetA,1,,,,,,,,,,,,
0.37,0,2.836507517,ValidationSection,ValidationDataset,436443,5449119,1,0,0,FaciesA,1,ElementA,1,ElementSetA,1,,,,,,,,,,,,
0.38,0,2.885841853,ValidationSection,ValidationDataset,436443,5449119,1,0,0,FaciesA,1,ElementA,1,ElementSetA,1,,,,,,,,,,,,
0.39,0,2.935176189,ValidationSection,ValidationDataset,436443,5449119,1,0,0,FaciesA,1,ElementA,1,ElementSetA,1,,,,,,,,,,,,
0.4,0,2.984510525,ValidationSection,ValidationDataset,436443,5449119,1,0,0,FaciesA,1,ElementA,1,ElementSetA,1,,,,,,,,,,,,
0.41,0,3.036576424,ValidationSection,ValidationDataset,436443,5449119,1,0,0,FaciesA,1,ElementA,1,ElementSetA,1,,,,,,,,,,,,
0.42,0,3.088642322,ValidationSection,ValidationDataset,436443,5449119,1,0,0,FaciesA,1,ElementA,1,ElementSetA,1,,,,,,,,,,,,
0.43,0,3.140708221,ValidationSection,ValidationDataset,436443,5449119,1,0,0,FaciesA,1,ElementA,1,ElementSetA,1,,,,,,,,,,,,
0.44,0,3.19277412,ValidationSection,ValidationDataset,436443,5449119,1,0,0,FaciesA,1,ElementA,1,ElementSetA,1,,,,,,,,,,,,
0.45,0,3.244840019,ValidationSection,ValidationDataset,436443,5449119,1,0,0,FaciesA,1,ElementA,1,ElementSetA,1,,,,,,,,,,,,
0.46,0,3.296905917,ValidationSection,ValidationDataset,436443,5449119,1,0,0,FaciesA,1,ElementA,1,ElementSetA,1,,,,,,,,,,,,
0.47,0,3.348971816,ValidationSection,ValidationDataset,436443,5449119,1,0,0,FaciesA,1,ElementA,1,ElementSetA,1,,,,,,,,,,,,
0.48,0,3.401037715,ValidationSection,ValidationDataset,436443,5449119,1,0,0,FaciesA,1,ElementA,1,ElementSetA,1,,,,,,,,,,,,
0.49,0,3.453103614,ValidationSection,ValidationDataset,436443,5449119,1,0,0,FaciesA,1,ElementA,1,ElementSetA,1,,,,,,,,,,,,
0.5,0,3.505169512,ValidationSection,ValidationDataset,436443,5449119,1,0,0,FaciesA,1,ElementA,1,ElementSetA,1,,,,,,,,,,,,
0.51,0,3.557235411,ValidationSection,ValidationDataset,436443,5449119,1,0,0,FaciesA,1,ElementA,1,ElementSetA,1,,,,,,,,,,,,
0.52,0,3.60930131,ValidationSection,ValidationDataset,436443,5449119,1,0,0,FaciesA,1,ElementA,1,ElementSetA,1,,,,,,,,,,,,
0.53,0,3.661367209,ValidationSection,ValidationDataset,436443,5449119,1,0,0,FaciesA,1,ElementA,1,ElementSetA,1,,,,,,,,,,,,
0.54,0,3.713433108,ValidationSection,ValidationDataset,436443,5449119,1,0,0,FaciesA,1,ElementA,1,ElementSetA,1,,,,,,,,,,,,
0.55,0,3.765499006,ValidationSection,ValidationDataset,436443,5449119,1,0,0,FaciesA,1,ElementA,1,ElementSetA,1,,,,,,,,,,,,
0.56,0,3.817564905,ValidationSection,ValidationDataset,436443,5449119,1,0,0,FaciesA,1,ElementA,1,ElementSetA,1,,,,,,,,,,,,
0.57,0,3.869630804,ValidationSection,ValidationDataset,436443,5449119,1,0,0,FaciesA,1,ElementA,1,ElementSetA,1,,,,,,,,,,,,
0.58,0,3.921696703,ValidationSection,ValidationDataset,436443,5449119,1,0,0,FaciesA,1,ElementA,1,ElementSetA,1,,,,,,,,,,,,
0.59,0,3.973762601,ValidationSection,ValidationDataset,436443,5449119,1,0,0,FaciesA,1,ElementA,1,ElementSetA,1,,,,,,,,,,,,
0.6,0,4.0258285,ValidationSection,ValidationDataset,436443,5449119,1,0,0,FaciesA,1,ElementA,1,ElementSetA,1,,,,,,,,,,,,
0.61,0,4.073238904,ValidationSection,ValidationDataset,436443,5449119,1,0,0,FaciesA,1,ElementA,1,ElementSetA,1,,,,,,,,,,,,
0.62,0,4.120649307,ValidationSection,ValidationDataset,436443,5449119,1,0,0,FaciesA,1,ElementA,1,ElementSetA,1,,,,,,,,,,,,
0.63,0,4.168059711,ValidationSection,ValidationDataset,436443,5449119,1,0,0,FaciesA,1,ElementA,1,ElementSetA,1,,,,,,,,,,,,
0.64,0,4.215470114,ValidationSection,ValidationDataset,436443,5449119,1,0,0,FaciesA,1,ElementA,1,ElementSetA,1,,,,,,,,,,,,
0.65,0,4.262880518,ValidationSection,ValidationDataset,436443,5449119,1,0,0,FaciesA,1,ElementA,1,ElementSetA,1,,,,,,,,,,,,
0.66,0,4.310290922,ValidationSection,ValidationDataset,436443,5449119,1,0,0,FaciesA,1,ElementA,1,ElementSetA,1,,,,,,,,,,,,
0.67,0,4.357701325,ValidationSection,ValidationDataset,436443,5449119,1,0,0,FaciesA,1,ElementA,1,ElementSetA,1,,,,,,,,,,,,
0.68,0,4.405111729,ValidationSection,ValidationDataset,436443,5449119,1,0,0,FaciesA,1,ElementA,1,ElementSetA,1,,,,,,,,,,,,
0.69,0,4.452522132,ValidationSection,ValidationDataset,436443,5449119,1,0,0,FaciesA,1,ElementA,1,ElementSetA,1,,,,,,,,,,,,
0.7,0,4.499932536,ValidationSection,ValidationDataset,436443,5449119,1,0,0,FaciesA,1,ElementA,1,ElementSetA,1,,,,,,,,,,,,
0.71,0,4.54734294,ValidationSection,ValidationDataset,436443,5449119,1,0,0,FaciesA,1,ElementA,1,ElementSetA,1,,,,,,,,,,,,
0.72,0,4.594753343,ValidationSection,ValidationDataset,436443,5449119,1,0,0,FaciesA,1,ElementA,1,ElementSetA,1,,,,,,,,,,,,
0.73,0,4.642163747,ValidationSection,ValidationDataset,436443,5449119,1,0,0,FaciesA,1,ElementA,1,ElementSetA,1,,,,,,,,,,,,
0.74,0,4.68957415,ValidationSection,ValidationDataset,436443,5449119,1,0,0,FaciesA,1,ElementA,1,ElementSetA,1,,,,,,,,,,,,
0.75,0,4.736984554,ValidationSection,ValidationDataset,436443,5449119,1,0,0,FaciesA,1,ElementA,1,ElementSetA,1,,,,,,,,,,,,
0.76,0,4.784394958,ValidationSection,ValidationDataset,436443,5449119,1,0,0,FaciesA,1,ElementA,1,ElementSetA,1,,,,,,,,,,,,
0.77,0,4.831805361,ValidationSection,ValidationDataset,436443,5449119,1,0,0,FaciesA,1,ElementA,1,ElementSetA,1,,,,,,,,,,,,
0.78,0,4.879215765,ValidationSection,ValidationDataset,436443,5449119,1,0,0,FaciesA,1,ElementA,1,ElementSetA,1,,,,,,,,,,,,
0.79,0,4.926626168,ValidationSection,ValidationDataset,436443,5449119,1,0,0,FaciesA,1,ElementA,1,ElementSetA,1,,,,,,,,,,,,
0.8,0,4.974036572,ValidationSection,ValidationDataset,436443,5449119,1,0,0,FaciesA,1,ElementA,1,ElementSetA,1,,,,,,,,,,,,
0.81,0,5.026698006,ValidationSection,ValidationDataset,436443,5449119,1,0,0,FaciesA,1,ElementA,1,ElementSetA,1,,,,,,,,,,,,
0.82,0,5.079359441,ValidationSection,ValidationDataset,436443,5449119,1,0,0,FaciesA,1,ElementA,1,ElementSetA,1,,,,,,,,,,,,
0.83,0,5.132020875,ValidationSection,ValidationDataset,436443,5449119,1,0,0,FaciesA,1,ElementA,1,ElementSetA,1,,,,,,,,,,,,
0.84,0,5.184682309,ValidationSection,ValidationDataset,436443,5449119,1,0,0,FaciesA,1,ElementA,1,ElementSetA,1,,,,,,,,,,,,
0.85,0,5.237343743,ValidationSection,ValidationDataset,436443,5449119,1,0,0,FaciesA,1,ElementA,1,ElementSetA,1,,,,,,,,,,,,
0.86,0,5.290005178,ValidationSection,ValidationDataset,436443,5449119,1,0,0,FaciesA,1,ElementA,1,ElementSetA,1,,,,,,,,,,,,
0.87,0,5.342666612,ValidationSection,ValidationDataset,436443,5449119,1,0,0,FaciesA,1,ElementA,1,ElementSetA,1,,,,,,,,,,,,
0.88,0,5.395328046,ValidationSection,ValidationDataset,436443,5449119,1,0,0,FaciesA,1,ElementA,1,ElementSetA,1,,,,,,,,,,,,
0.89,0,5.44798948,ValidationSection,ValidationDataset,436443,5449119,1,0,0,FaciesA,1,ElementA,1,ElementSetA,1,,,,,,,,,,,,
0.9,0,5.500650915,ValidationSection,ValidationDataset,436443,5449119,1,1,0,FaciesA,1,ElementA,1,ElementSetA,1,,,,,,,,,,,,
0.91,0,5.553312349,ValidationSection,ValidationDataset,436443,5449119,1,1,0,FaciesA,1,ElementA,1,ElementSetA,1,,,,,,,,,,,,
0.92,0,5.605973783,ValidationSection,ValidationDataset,436443,5449119,1,1,0,FaciesA,1,ElementA,1,ElementSetA,1,,,,,,,,,,,,
0.93,0,5.658635218,ValidationSection,ValidationDataset,436443,5449119,1,1,0,FaciesA,1,ElementA,1,ElementSetA,1,,,,,,,,,,,,
0.94,0,5.711296652,ValidationSection,ValidationDataset,436443,5449119,1,1,0,FaciesA,1,ElementA,1,ElementSetA,1,,,,,,,,,,,,
0.95,0,5.763958086,ValidationSection,ValidationDataset,436443,5449119,1,1,0,FaciesA,1,ElementA,1,ElementSetA,1,,,,,,,,,,,,
0.96,0,5.81661952,ValidationSection,ValidationDataset,436443,5449119,1,1,0,FaciesA,1,ElementA,1,ElementSetA,1,,,,,,,,,,,,
0.97,0,5.869280955,ValidationSection,ValidationDataset,436443,5449119,1,1,0,FaciesA,1,ElementA,1,ElementSetA,1,,,,,,,,,,,,
0.98,0,5.921942389,ValidationSection,ValidationDataset,436443,5449119,1,1,0,FaciesA,1,ElementA,1,ElementSetA,1,,,,,,,,,,,,
0.99,0,5.974603823,ValidationSection,ValidationDataset,436443,5449119,1,1,0,FaciesA,1,ElementA,1,ElementSetA,1,,,,,,,,,,,,
1,1,6.986115508,ValidationSection,ValidationDataset,436443,5449119,1,1,1,FaciesA,1,ElementA,1,ElementSetA,1,1.01,3.501804761,6.986115508,,,,,,,,,
1.01,0,9.009138879,ValidationSection,ValidationDataset,436443,5449119,2,1,0,FaciesA,1,ElementA,1,ElementSetA,1,,,,,,,,,,,,
1.02,0,9.009138879,ValidationSection,ValidationDataset,436443,5449119,2,1,0,FaciesA,1,ElementA,1,ElementSetA,1,,,,,,,,,,,,
1.03,0,9.008638581,ValidationSection,ValidationDataset,436443,5449119,2,1,0,FaciesA,1,ElementA,1,ElementSetA,1,,,,,,,,,,,,
1.04,0,9.008138283,ValidationSection,ValidationDataset,436443,5449119,2,1,0,FaciesA,1,ElementA,1,ElementSetA,1,,,,,,,,,,,,
1.05,0,9.007637984,ValidationSection,ValidationDataset,436443,5449119,2,1,0,FaciesA,1,ElementA,1,ElementSetA,1,,,,,,,,,,,,
1.06,0,9.007137686,ValidationSection,ValidationDataset,436443,5449119,2,1,0,FaciesA,1,ElementA,1,ElementSetA,1,,,,,,,,,,,,
1.07,0,9.006637388,ValidationSection,ValidationDataset,436443,5449119,2,1,0,FaciesA,1,ElementA,1,ElementSetA,1,,,,,,,,,,,,
1.08,0,9.00613709,ValidationSection,ValidationDataset,436443,5449119,2,1,0,FaciesA,1,ElementA,1,ElementSetA,1,,,,,,,,,,,,
1.09,0,9.005636792,ValidationSection,ValidationDataset,436443,5449119,2,1,0,FaciesA,1,ElementA,1,ElementSetA,1,,,,,,,,,,,,
1.1,0,9.005136494,ValidationSection,ValidationDataset,436443,5449119,2,1,0,FaciesA,1,ElementA,1,ElementSetA,1,,,,,,,,,,,,
1.11,0,9.004636196,ValidationSection,ValidationDataset,436443,5449119,2,1,0,FaciesA,1,ElementA,1,ElementSetA,1,,,,,,,,,,,,
1.12,0,9.004135897,ValidationSection,ValidationDataset,436443,5449119,2,1,0,FaciesA,1,ElementA,1,ElementSetA,1,,,,,,,,,,,,
1.13,0,9.003635599,ValidationSection,ValidationDataset,436443,5449119,2,1,0,FaciesA,1,ElementA,1,ElementSetA,1,,,,,,,,,,,,
1.14,0,9.003135301,ValidationSection,ValidationDataset,436443,5449119,2,1,0,FaciesA,1,ElementA,1,ElementSetA,1,,,,,,,,,,,,
1.15,0,9.002635003,ValidationSection,ValidationDataset,436443,5449119,2,1,0,FaciesA,1,ElementA,1,ElementSetA,1,,,,,,,,,,,,
1.16,0,9.002134705,ValidationSection,ValidationDataset,436443,5449119,2,1,0,FaciesA,1,ElementA,1,ElementSetA,1,,,,,,,,,,,,
1.17,0,9.001634407,ValidationSection,ValidationDataset,436443,5449119,2,1,0,FaciesA,1,ElementA,1,ElementSetA,1,,,,,,,,,,,,
1.18,0,9.001134109,ValidationSection,ValidationDataset,436443,5449119,2,1,0,FaciesA,1,ElementA,1,ElementSetA,1,,,,,,,,,,,,
1.19,0,9.00063381,ValidationSection,ValidationDataset,436443,5449119,2,1,0,FaciesA,1,ElementA,1,ElementSetA,1,,,,,,,,,,,,
1.2,0,9.000133512,ValidationSection,ValidationDataset,436443,5449119,2,1,0,FaciesA,1,ElementA,1,ElementSetA,1,,,,,,,,,,,,
1.21,0,9.000133512,ValidationSection,ValidationDataset,436443,5449119,2,1,0,FaciesA,1,ElementA,1,ElementSetA,1,,,,,,,,,,,,
1.22,0,9.000133512,ValidationSection,ValidationDataset,436443,5449119,2,1,0,FaciesA,1,ElementA,1,ElementSetA,1,,,,,,,,,,,,
1.23,0,9.000133512,ValidationSection,ValidationDataset,436443,5449119,2,1,0,FaciesA,1,ElementA,1,ElementSetA,1,,,,,,,,,,,,
1.24,0,9.000133512,ValidationSection,ValidationDataset,436443,5449119,2,1,0,FaciesA,1,ElementA,1,ElementSetA,1,,,,,,,,,,,,
1.25,0,9.000133512,ValidationSection,ValidationDataset,436443,5449119,2,1,0,FaciesA,1,ElementA,1,ElementSetA,1,,,,,,,,,,,,
1.26,0,9.000133512,ValidationSection,ValidationDataset,436443,5449119,2,1,0,FaciesA,1,ElementA,1,ElementSetA,1,,,,,,,,,,,,
1.27,0,9.000133512,ValidationSection,ValidationDataset,436443,5449119,2,1,0,FaciesA,1,ElementA,1,ElementSetA,1,,,,,,,,,,,,
1.28,0,9.000133512,ValidationSection,ValidationDataset,436443,5449119,2,1,0,FaciesA,1,ElementA,1,ElementSetA,1,,,,,,,,,,,,
1.29,0,9.000133512,ValidationSection,ValidationDataset,436443,5449119,2,1,0,FaciesA,1,ElementA,1,ElementSetA,1,,,,,,,,,,,,
1.3,0,9.000133512,ValidationSection,ValidationDataset,436443,5449119,2,1,0,FaciesA,1,ElementA,1,ElementSetA,1,,,,,,,,,,,,
1.31,0,9.000133512,ValidationSection,ValidationDataset,436443,5449119,2,1,0,FaciesA,1,ElementA,1,ElementSetA,1,,,,,,,,,,,,
1.32,0,9.000133512,ValidationSection,ValidationDataset,436443,5449119,2,1,0,FaciesA,1,ElementA,1,ElementSetA,1,,,,,,,,,,,,
1.33,0,9.000133512,ValidationSection,ValidationDataset,436443,5449119,2,1,0,FaciesA,1,ElementA,1,ElementSetA,1,,,,,,,,,,,,
1.34,0,9.000133512,ValidationSection,ValidationDataset,436443,5449119,2,1,0,FaciesA,1,ElementA,1,ElementSetA,1,,,,,,,,,,,,
1.35,0,9.000133512,ValidationSection,ValidationDataset,436443,5449119,2,1,0,FaciesA,1,ElementA,1,ElementSetA,1,,,,,,,,,,,,
1.36,0,9.000133512,ValidationSection,ValidationDataset,436443,5449119,2,1,0,FaciesA,1,ElementA,1,ElementSetA,1,,,,,,,,,,,,
1.37,0,9.000133512,ValidationSection,ValidationDataset,436443,5449119,2,1,0,FaciesA,1,ElementA,1,ElementSetA,1,,,,,,,,,,,,
1.38,0,9.000133512,ValidationSection,ValidationDataset,436443,5449119,2,1,0,FaciesA,1,ElementA,1,ElementSetA,1,,,,,,,,,,,,
1.39,0,9.000133512,ValidationSection,ValidationDataset,436443,5449119,2,1,0,FaciesA,1,ElementA,1,ElementSetA,1,,,,,,,,,,,,
1.4,0,9.000133512,ValidationSection,ValidationDataset,436443,5449119,2,1,0,FaciesA,1,ElementA,1,ElementSetA,1,,,,,,,,,,,,
1.41,0,9.000133512,ValidationSection,ValidationDataset,436443,5449119,2,1,0,FaciesA,1,ElementA,1,ElementSetA,1,,,,,,,,,,,,
1.42,0,9.000133512,ValidationSection,ValidationDataset,436443,5449119,2,1,0,FaciesA,1,ElementA,1,ElementSetA,1,,,,,,,,,,,,
1.43,0,9.000133512,ValidationSection,ValidationDataset,436443,5449119,2,1,0,FaciesA,1,ElementA,1,ElementSetA,1,,,,,,,,,,,,
1.44,0,9.000133512,ValidationSection,ValidationDataset,436443,5449119,2,1,0,FaciesA,1,ElementA,1,ElementSetA,1,,,,,,,,,,,,
1.45,0,9.000133512,ValidationSection,ValidationDataset,436443,5449119,2,1,0,FaciesA,1,ElementA,1,ElementSetA,1,,,,,,,,,,,,
1.46,0,9.000133512,ValidationSection,ValidationDataset,436443,5449119,2,1,0,FaciesA,1,ElementA,1,ElementSetA,1,,,,,,,,,,,,
1.47,0,9.000133512,ValidationSection,ValidationDataset,436443,5449119,2,1,0,FaciesA,1,ElementA,1,ElementSetA,1,,,,,,,,,,,,
1.48,0,9.000133512,ValidationSection,ValidationDataset,436443,5449119,2,1,0,FaciesA,1,ElementA,1,ElementSetA,1,,,,,,,,,,,,
1.49,0,9.000133512,ValidationSection,ValidationDataset,436443,5449119,2,1,0,FaciesA,1,ElementA,1,ElementSetA,1,,,,,,,,,,,,
1.5,0,9.000133512,ValidationSection,ValidationDataset,436443,5449119,2,1,0,FaciesA,1,ElementA,1,ElementSetA,1,,,,,,,,,,,,
1.51,0,9.000133512,ValidationSection,ValidationDataset,436443,5449119,2,1,0,FaciesA,1,ElementA,1,ElementSetA,1,,,,,,,,,,,,
1.52,0,9.000133512,ValidationSection,ValidationDataset,436443,5449119,2,1,0,FaciesA,1,ElementA,1,ElementSetA,1,,,,,,,,,,,,
1.53,0,9.000133512,ValidationSection,ValidationDataset,436443,5449119,2,1,0,FaciesA,1,ElementA,1,ElementSetA,1,,,,,,,,,,,,
1.54,0,9.000133512,ValidationSection,ValidationDataset,436443,5449119,2,1,0,FaciesA,1,ElementA,1,ElementSetA,1,,,,,,,,,,,,
1.55,0,9.000133512,ValidationSection,ValidationDataset,436443,5449119,2,1,0,FaciesA,1,ElementA,1,ElementSetA,1,,,,,,,,,,,,
1.56,0,9.000133512,ValidationSection,ValidationDataset,436443,5449119,2,1,0,FaciesA,1,ElementA,1,ElementSetA,1,,,,,,,,,,,,
1.57,0,9.000133512,ValidationSection,ValidationDataset,436443,5449119,2,1,0,FaciesA,1,ElementA,1,ElementSetA,1,,,,,,,,,,,,
1.58,0,9.000133512,ValidationSection,ValidationDataset,436443,5449119,2,1,0,FaciesA,1,ElementA,1,ElementSetA,1,,,,,,,,,,,,
1.59,0,9.000133512,ValidationSection,ValidationDataset,436443,5449119,2,1,0,FaciesA,1,ElementA,1,ElementSetA,1,,,,,,,,,,,,
1.6,0,9.000133512,ValidationSection,ValidationDataset,436443,5449119,2,1,0,FaciesA,1,ElementA,1,ElementSetA,1,,,,,,,,,,,,
1.61,0,9.000133512,ValidationSection,ValidationDataset,436443,5449119,2,1,0,FaciesA,1,ElementA,1,ElementSetA,1,,,,,,,,,,,,
1.62,0,9.000133512,ValidationSection,ValidationDataset,436443,5449119,2,1,0,FaciesA,1,ElementA,1,ElementSetA,1,,,,,,,,,,,,
1.63,0,9.000133512,ValidationSection,ValidationDataset,436443,5449119,2,1,0,FaciesA,1,ElementA,1,ElementSetA,1,,,,,,,,,,,,
1.64,0,9.000133512,ValidationSection,ValidationDataset,436443,5449119,2,1,0,FaciesA,1,ElementA,1,ElementSetA,1,,,,,,,,,,,,
1.65,0,9.000133512,ValidationSection,ValidationDataset,436443,5449119,2,1,0,FaciesA,1,ElementA,1,ElementSetA,1,,,,,,,,,,,,
1.66,0,9.000133512,ValidationSection,ValidationDataset,436443,5449119,2,1,0,FaciesA,1,ElementA,1,ElementSetA,1,,,,,,,,,,,,
1.67,0,9.000133512,ValidationSection,ValidationDataset,436443,5449119,2,1,0,FaciesA,1,ElementA,1,ElementSetA,1,,,,,,,,,,,,
1.68,0,9.000133512,ValidationSection,ValidationDataset,436443,5449119,2,1,0,FaciesA,1,ElementA,1,ElementSetA,1,,,,,,,,,,,,
1.69,0,9.000133512,ValidationSection,ValidationDataset,436443,5449119,2,1,0,FaciesA,1,ElementA,1,ElementSetA,1,,,,,,,,,,,,
1.7,0,9.000133512,ValidationSection,ValidationDataset,436443,5449119,2,1,0,FaciesA,1,ElementA,1,ElementSetA,1,,,,,,,,,,,,
1.71,0,9.000133512,ValidationSection,ValidationDataset,436443,5449119,2,1,0,FaciesA,1,ElementA,1,ElementSetA,1,,,,,,,,,,,,
1.72,0,9.000133512,ValidationSection,ValidationDataset,436443,5449119,2,1,0,FaciesA,1,ElementA,1,ElementSetA,1,,,,,,,,,,,,
1.73,0,9.000133512,ValidationSection,ValidationDataset,436443,5449119,2,1,0,FaciesA,1,ElementA,1,ElementSetA,1,,,,,,,,,,,,
1.74,0,9.000133512,ValidationSection,ValidationDataset,436443,5449119,2,1,0,FaciesA,1,ElementA,1,ElementSetA,1,,,,,,,,,,,,
1.75,0,9.000133512,ValidationSection,ValidationDataset,436443,5449119,2,1,0,FaciesA,1,ElementA,1,ElementSetA,1,,,,,,,,,,,,
1.76,0,9.000133512,ValidationSection,ValidationDataset,436443,5449119,2,1,0,FaciesA,1,ElementA,1,ElementSetA,1,,,,,,,,,,,,
1.77,0,9.000133512,ValidationSection,ValidationDataset,436443,5449119,2,1,0,FaciesA,1,ElementA,1,ElementSetA,1,,,,,,,,,,,,
1.78,0,9.000133512,ValidationSection,ValidationDataset,436443,5449119,2,1,0,FaciesA,1,ElementA,1,ElementSetA,1,,,,,,,,,,,,
1.79,0,9.000133512,ValidationSection,ValidationDataset,436443,5449119,2,1,0,FaciesA,1,ElementA,1,ElementSetA,1,,,,,,,,,,,,
1.8,0,9.000133512,ValidationSection,ValidationDataset,436443,5449119,2,1,0,FaciesA,1,ElementA,1,ElementSetA,1,,,,,,,,,,,,
1.81,0,9.000133512,ValidationSection,ValidationDataset,436443,5449119,2,1,0,FaciesA,1,ElementA,1,ElementSetA,1,,,,,,,,,,,,
1.82,0,9.000133512,ValidationSection,ValidationDataset,436443,5449119,2,1,0,FaciesA,1,ElementA,1,ElementSetA,1,,,,,,,,,,,,
1.83,0,9.000133512,ValidationSection,ValidationDataset,436443,5449119,2,1,0,FaciesA,1,ElementA,1,ElementSetA,1,,,,,,,,,,,,
1.84,0,9.000133512,ValidationSection,ValidationDataset,436443,5449119,2,1,0,FaciesA,1,ElementA,1,ElementSetA,1,,,,,,,,,,,,
1.85,0,9.000133512,ValidationSection,ValidationDataset,436443,5449119,2,1,0,FaciesA,1,ElementA,1,ElementSetA,1,,,,,,,,,,,,
1.86,0,9.000133512,ValidationSection,ValidationDataset,436443,5449119,2,1,0,FaciesA,1,ElementA,1,ElementSetA,1,,,,,,,,,,,,
1.87,0,9.000133512,ValidationSection,ValidationDataset,436443,5449119,2,1,0,FaciesA,1,ElementA,1,ElementSetA,1,,,,,,,,,,,,
1.88,0,9.000133512,ValidationSection,ValidationDataset,436443,5449119,2,1,0,FaciesA,1,ElementA,1,ElementSetA,1,,,,,,,,,,,,
1.89,0,9.000133512,ValidationSection,ValidationDataset,436443,5449119,2,1,0,FaciesA,1,ElementA,1,ElementSetA,1,,,,,,,,,,,,
1.9,0,9.000133512,ValidationSection,ValidationDataset,436443,5449119,2,1,0,FaciesA,1,ElementA,1,ElementSetA,1,,,,,,,,,,,,
1.91,0,9.000133512,ValidationSection,ValidationDataset,436443,5449119,2,1,0,FaciesA,1,ElementA,1,ElementSetA,1,,,,,,,,,,,,
1.92,0,9.000133512,ValidationSection,ValidationDataset,436443,5449119,2,1,0,FaciesA,1,ElementA,1,ElementSetA,1,,,,,,,,,,,,
1.93,0,9.000133512,ValidationSection,ValidationDataset,436443,5449119,2,1,0,FaciesA,1,ElementA,1,ElementSetA,1,,,,,,,,,,,,
1.94,0,9.000133512,ValidationSection,ValidationDataset,436443,5449119,2,1,0,FaciesA,1,ElementA,1,ElementSetA,1,,,,,,,,,,,,
1.95,0,9.000133512,ValidationSection,ValidationDataset,436443,5449119,2,1,0,FaciesA,1,ElementA,1,ElementSetA,1,,,,,,,,,,,,
1.96,0,9.000133512,ValidationSection,ValidationDataset,436443,5449119,2,1,0,FaciesA,1,ElementA,1,ElementSetA,1,,,,,,,,,,,,
1.97,0,9.000133512,ValidationSection,ValidationDataset,436443,5449119,2,1,0,FaciesA,1,ElementA,1,ElementSetA,1,,,,,,,,,,,,
1.98,0,9.000133512,ValidationSection,ValidationDataset,436443,5449119,2,1,0,FaciesA,1,ElementA,1,ElementSetA,1,,,,,,,,,,,,
1.99,0,9.000133512,ValidationSection,ValidationDataset,436443,5449119,2,1,0,FaciesA,1,ElementA,1,ElementSetA,1,,,,,,,,,,,,
2,1,9.000133512,ValidationSection,ValidationDataset,436443,5449119,2,1,0,FaciesA,1,ElementA,1,ElementSetA,1,1,9.001079076,9.009138879,2,6.263824429,0.555,2,6.263824429,0.555,,,
2.01,0,,ValidationSection,ValidationDataset,436443,5449119,,0,0,NA,,NA,,ElementSetA,1,,,,,,,,,,,,
2.02,0,,ValidationSection,ValidationDataset,436443,5449119,,0,0,NA,,NA,,ElementSetA,1,,,,,,,,,,,,
2.03,0,,ValidationSection,ValidationDataset,436443,5449119,,0,0,NA,,NA,,ElementSetA,1,,,,,,,,,,,,
2.04,0,,ValidationSection,ValidationDataset,436443,5449119,,0,0,NA,,NA,,ElementSetA,1,,,,,,,,,,,,
2.05,0,,ValidationSection,ValidationDataset,436443,5449119,,0,0,NA,,NA,,ElementSetA,1,,,,,,,,,,,,
2.06,0,,ValidationSection,ValidationDataset,436443,5449119,,0,0,NA,,NA,,ElementSetA,1,,,,,,,,,,,,
2.07,0,,ValidationSection,ValidationDataset,436443,5449119,,0,0,NA,,NA,,ElementSetA,1,,,,,,,,,,,,
2.08,0,,ValidationSection,ValidationDataset,436443,5449119,,0,0,NA,,NA,,ElementSetA,1,,,,,,,,,,,,
2.09,0,,ValidationSection,ValidationDataset,436443,5449119,,0,0,NA,,NA,,ElementSetA,1,,,,,,,,,,,,
2.1,0,,ValidationSection,ValidationDataset,436443,5449119,,0,0,NA,,NA,,ElementSetA,1,,,,,,,,,,,,
2.11,0,,ValidationSection,ValidationDataset,436443,5449119,,0,0,NA,,NA,,ElementSetA,1,,,,,,,,,,,,
2.12,0,,ValidationSection,ValidationDataset,436443,5449119,,0,0,NA,,NA,,ElementSetA,1,,,,,,,,,,,,
2.13,0,,ValidationSection,ValidationDataset,436443,5449119,,0,0,NA,,NA,,ElementSetA,1,,,,,,,,,,,,
2.14,0,,ValidationSection,ValidationDataset,436443,5449119,,0,0,NA,,NA,,ElementSetA,1,,,,,,,,,,,,
2.15,0,,ValidationSection,ValidationDataset,436443,5449119,,0,0,NA,,NA,,ElementSetA,1,,,,,,,,,,,,
2.16,0,,ValidationSection,ValidationDataset,436443,5449119,,0,0,NA,,NA,,ElementSetA,1,,,,,,,,,,,,
2.17,0,,ValidationSection,ValidationDataset,436443,5449119,,0,0,NA,,NA,,ElementSetA,1,,,,,,,,,,,,
2.18,0,,ValidationSection,ValidationDataset,436443,5449119,,0,0,NA,,NA,,ElementSetA,1,,,,,,,,,,,,
2.19,0,,ValidationSection,ValidationDataset,436443,5449119,,0,0,NA,,NA,,ElementSetA,1,,,,,,,,,,,,
2.2,0,,ValidationSection,ValidationDataset,436443,5449119,,0,0,NA,,NA,,ElementSetA,1,,,,,,,,,,,,
2.21,0,,ValidationSection,ValidationDataset,436443,5449119,,0,0,NA,,NA,,ElementSetA,1,,,,,,,,,,,,
2.22,0,,ValidationSection,ValidationDataset,436443,5449119,,0,0,NA,,NA,,ElementSetA,1,,,,,,,,,,,,
2.23,0,,ValidationSection,ValidationDataset,436443,5449119,,0,0,NA,,NA,,ElementSetA,1,,,,,,,,,,,,
2.24,0,,ValidationSection,ValidationDataset,436443,5449119,,0,0,NA,,NA,,ElementSetA,1,,,,,,,,,,,,
2.25,0,,ValidationSection,ValidationDataset,436443,5449119,,0,0,NA,,NA,,ElementSetA,1,,,,,,,,,,,,
2.26,0,,ValidationSection,ValidationDataset,436443,5449119,,0,0,NA,,NA,,ElementSetA,1,,,,,,,,,,,,
2.27,0,,ValidationSection,ValidationDataset,436443,5449119,,0,0,NA,,NA,,ElementSetA,1,,,,,,,,,,,,
2.28,0,,ValidationSection,ValidationDataset,436443,5449119,,0,0,NA,,NA,,ElementSetA,1,,,,,,,,,,,,
2.29,0,,ValidationSection,ValidationDataset,436443,5449119,,0,0,NA,,NA,,ElementSetA,1,,,,,,,,,,,,
2.3,0,,ValidationSection,ValidationDataset,436443,5449119,,0,0,NA,,NA,,ElementSetA,1,,,,,,,,,,,,
2.31,0,,ValidationSection,ValidationDataset,436443,5449119,,0,0,NA,,NA,,ElementSetA,1,,,,,,,,,,,,
2.32,0,,ValidationSection,ValidationDataset,436443,5449119,,0,0,NA,,NA,,ElementSetA,1,,,,,,,,,,,,
2.33,0,,ValidationSection,ValidationDataset,436443,5449119,,0,0,NA,,NA,,ElementSetA,1,,,,,,,,,,,,
2.34,0,,ValidationSection,ValidationDataset,436443,5449119,,0,0,NA,,NA,,ElementSetA,1,,,,,,,,,,,,
2.35,0,,ValidationSection,ValidationDataset,436443,5449119,,0,0,NA,,NA,,ElementSetA,1,,,,,,,,,,,,
2.36,0,,ValidationSection,ValidationDataset,436443,5449119,,0,0,NA,,NA,,ElementSetA,1,,,,,,,,,,,,
2.37,0,,ValidationSection,ValidationDataset,436443,5449119,,0,0,NA,,NA,,ElementSetA,1,,,,,,,,,,,,
2.38,0,,ValidationSection,ValidationDataset,436443,5449119,,0,0,NA,,NA,,ElementSetA,1,,,,,,,,,,,,
2.39,0,,ValidationSection,ValidationDataset,436443,5449119,,0,0,NA,,NA,,ElementSetA,1,,,,,,,,,,,,
2.4,0,,ValidationSection,ValidationDataset,436443,5449119,,0,0,NA,,NA,,ElementSetA,1,,,,,,,,,,,,
2.41,0,,ValidationSection,ValidationDataset,436443,5449119,,0,0,NA,,NA,,ElementSetA,1,,,,,,,,,,,,
2.42,0,,ValidationSection,ValidationDataset,436443,5449119,,0,0,NA,,NA,,ElementSetA,1,,,,,,,,,,,,
2.43,0,,ValidationSection,ValidationDataset,436443,5449119,,0,0,NA,,NA,,ElementSetA,1,,,,,,,,,,,,
2.44,0,,ValidationSection,ValidationDataset,436443,5449119,,0,0,NA,,NA,,ElementSetA,1,,,,,,,,,,,,
2.45,0,,ValidationSection,ValidationDataset,436443,5449119,,0,0,NA,,NA,,ElementSetA,1,,,,,,,,,,,,
2.46,0,,ValidationSection,ValidationDataset,436443,5449119,,0,0,NA,,NA,,ElementSetA,1,,,,,,,,,,,,
2.47,0,,ValidationSection,ValidationDataset,436443,5449119,,0,0,NA,,NA,,ElementSetA,1,,,,,,,,,,,,
2.48,0,,ValidationSection,ValidationDataset,436443,5449119,,0,0,NA,,NA,,ElementSetA,1,,,,,,,,,,,,
2.49,0,,ValidationSection,ValidationDataset,436443,5449119,,0,0,NA,,NA,,ElementSetA,1,,,,,,,,,,,,
2.5,0,,ValidationSection,ValidationDataset,436443,5449119,,0,0,NA,,NA,,ElementSetA,1,,,,,,,,,,,,
2.51,0,,ValidationSection,ValidationDataset,436443,5449119,,0,0,NA,,NA,,ElementSetA,1,,,,,,,,,,,,
2.52,0,,ValidationSection,ValidationDataset,436443,5449119,,0,0,NA,,NA,,ElementSetA,1,,,,,,,,,,,,
2.53,0,,ValidationSection,ValidationDataset,436443,5449119,,0,0,NA,,NA,,ElementSetA,1,,,,,,,,,,,,
2.54,0,,ValidationSection,ValidationDataset,436443,5449119,,0,0,NA,,NA,,ElementSetA,1,,,,,,,,,,,,
2.55,0,,ValidationSection,ValidationDataset,436443,5449119,,0,0,NA,,NA,,ElementSetA,1,,,,,,,,,,,,
2.56,0,,ValidationSection,ValidationDataset,436443,5449119,,0,0,NA,,NA,,ElementSetA,1,,,,,,,,,,,,
2.57,0,,ValidationSection,ValidationDataset,436443,5449119,,0,0,NA,,NA,,ElementSetA,1,,,,,,,,,,,,
2.58,0,,ValidationSection,ValidationDataset,436443,5449119,,0,0,NA,,NA,,ElementSetA,1,,,,,,,,,,,,
2.59,0,,ValidationSection,ValidationDataset,436443,5449119,,0,0,NA,,NA,,ElementSetA,1,,,,,,,,,,,,
2.6,0,,ValidationSection,ValidationDataset,436443,5449119,,0,0,NA,,NA,,ElementSetA,1,,,,,,,,,,,,
2.61,0,,ValidationSection,ValidationDataset,436443,5449119,,0,0,NA,,NA,,ElementSetA,1,,,,,,,,,,,,
2.62,0,,ValidationSection,ValidationDataset,436443,5449119,,0,0,NA,,NA,,ElementSetA,1,,,,,,,,,,,,
2.63,0,,ValidationSection,ValidationDataset,436443,5449119,,0,0,NA,,NA,,ElementSetA,1,,,,,,,,,,,,
2.64,0,,ValidationSection,ValidationDataset,436443,5449119,,0,0,NA,,NA,,ElementSetA,1,,,,,,,,,,,,
2.65,0,,ValidationSection,ValidationDataset,436443,5449119,,0,0,NA,,NA,,ElementSetA,1,,,,,,,,,,,,
2.66,0,,ValidationSection,ValidationDataset,436443,5449119,,0,0,NA,,NA,,ElementSetA,1,,,,,,,,,,,,
2.67,0,,ValidationSection,ValidationDataset,436443,5449119,,0,0,NA,,NA,,ElementSetA,1,,,,,,,,,,,,
2.68,0,,ValidationSection,ValidationDataset,436443,5449119,,0,0,NA,,NA,,ElementSetA,1,,,,,,,,,,,,
2.69,0,,ValidationSection,ValidationDataset,436443,5449119,,0,0,NA,,NA,,ElementSetA,1,,,,,,,,,,,,
2.7,0,,ValidationSection,ValidationDataset,436443,5449119,,0,0,NA,,NA,,ElementSetA,1,,,,,,,,,,,,
2.71,0,,ValidationSection,ValidationDataset,436443,5449119,,0,0,NA,,NA,,ElementSetA,1,,,,,,,,,,,,
2.72,0,,ValidationSection,ValidationDataset,436443,5449119,,0,0,NA,,NA,,ElementSetA,1,,,,,,,,,,,,
2.73,0,,ValidationSection,ValidationDataset,436443,5449119,,0,0,NA,,NA,,ElementSetA,1,,,,,,,,,,,,
2.74,0,,ValidationSection,ValidationDataset,436443,5449119,,0,0,NA,,NA,,ElementSetA,1,,,,,,,,,,,,
2.75,0,,ValidationSection,ValidationDataset,436443,5449119,,0,0,NA,,NA,,ElementSetA,1,,,,,,,,,,,,
2.76,0,,ValidationSection,ValidationDataset,436443,5449119,,0,0,NA,,NA,,ElementSetA,1,,,,,,,,,,,,
2.77,0,,ValidationSection,ValidationDataset,436443,5449119,,0,0,NA,,NA,,ElementSetA,1,,,,,,,,,,,,
2.78,0,,ValidationSection,ValidationDataset,436443,5449119,,0,0,NA,,NA,,ElementSetA,1,,,,,,,,,,,,
2.79,0,,ValidationSection,ValidationDataset,436443,5449119,,0,0,NA,,NA,,ElementSetA,1,,,,,,,,,,,,
2.8,0,,ValidationSection,ValidationDataset,436443,5449119,,0,0,NA,,NA,,ElementSetA,1,,,,,,,,,,,,
2.81,0,,ValidationSection,ValidationDataset,436443,5449119,,0,0,NA,,NA,,ElementSetA,1,,,,,,,,,,,,
2.82,0,,ValidationSection,ValidationDataset,436443,5449119,,0,0,NA,,NA,,ElementSetA,1,,,,,,,,,,,,
2.83,0,,ValidationSection,ValidationDataset,436443,5449119,,0,0,NA,,NA,,ElementSetA,1,,,,,,,,,,,,
2.84,0,,ValidationSection,ValidationDataset,436443,5449119,,0,0,NA,,NA,,ElementSetA,1,,,,,,,,,,,,
2.85,0,,ValidationSection,ValidationDataset,436443,5449119,,0,0,NA,,NA,,ElementSetA,1,,,,,,,,,,,,
2.86,0,,ValidationSection,ValidationDataset,436443,5449119,,0,0,NA,,NA,,ElementSetA,1,,,,,,,,,,,,
2.87,0,,ValidationSection,ValidationDataset,436443,5449119,,0,0,NA,,NA,,ElementSetA,1,,,,,,,,,,,,
2.88,0,,ValidationSection,ValidationDataset,436443,5449119,,0,0,NA,,NA,,ElementSetA,1,,,,,,,,,,,,
2.89,0,,ValidationSection,ValidationDataset,436443,5449119,,0,0,NA,,NA,,ElementSetA,1,,,,,,,,,,,,
2.9,0,,ValidationSection,ValidationDataset,436443,5449119,,0,0,NA,,NA,,ElementSetA,1,,,,,,,,,,,,
2.91,0,,ValidationSection,ValidationDataset,436443,5449119,,0,0,NA,,NA,,ElementSetA,1,,,,,,,,,,,,
2.92,0,,ValidationSection,ValidationDataset,436443,5449119,,0,0,NA,,NA,,ElementSetA,1,,,,,,,,,,,,
2.93,0,,ValidationSection,ValidationDataset,436443,5449119,,0,0,NA,,NA,,ElementSetA,1,,,,,,,,,,,,
2.94,0,,ValidationSection,ValidationDataset,436443,5449119,,0,0,NA,,NA,,ElementSetA,1,,,,,,,,,,,,
2.95,0,,ValidationSection,ValidationDataset,436443,5449119,,0,0,NA,,NA,,ElementSetA,1,,,,,,,,,,,,
2.96,0,,ValidationSection,ValidationDataset,436443,5449119,,0,0,NA,,NA,,ElementSetA,1,,,,,,,,,,,,
2.97,0,,ValidationSection,ValidationDataset,436443,5449119,,0,0,NA,,NA,,ElementSetA,1,,,,,,,,,,,,
2.98,0,,ValidationSection,ValidationDataset,436443,5449119,,0,0,NA,,NA,,ElementSetA,1,,,,,,,,,,,,
2.99,0,,ValidationSection,ValidationDataset,436443,5449119,,0,0,NA,,NA,,ElementSetA,1,,,,,,,,,,,,
3,1,,ValidationSection,ValidationDataset,436443,5449119,,0,0,NA,,NA,,ElementSetA,1,1,,#NAME?,1.01,1.025302708,0,1.01,1.025302708,0,,,
3.01,0,4.989538588,ValidationSection,ValidationDataset,436443,5449119,4,0,0,FaciesB,2,ElementB,2,ElementSetA,1,,,,,,,,,,,,
3.02,0,4.989538588,ValidationSection,ValidationDataset,436443,5449119,4,0,0,FaciesB,2,ElementB,2,ElementSetA,1,,,,,,,,,,,,
3.03,0,5.046526481,ValidationSection,ValidationDataset,436443,5449119,4,0,0,FaciesB,2,ElementB,2,ElementSetA,1,,,,,,,,,,,,
3.04,0,5.103514374,ValidationSection,ValidationDataset,436443,5449119,4,0,0,FaciesB,2,ElementB,2,ElementSetA,1,,,,,,,,,,,,
3.05,0,5.160502267,ValidationSection,ValidationDataset,436443,5449119,4,0,0,FaciesB,2,ElementB,2,ElementSetA,1,,,,,,,,,,,,
3.06,0,5.21749016,ValidationSection,ValidationDataset,436443,5449119,4,0,0,FaciesB,2,ElementB,2,ElementSetA,1,,,,,,,,,,,,
3.07,0,5.274478053,ValidationSection,ValidationDataset,436443,5449119,4,0,0,FaciesB,2,ElementB,2,ElementSetA,1,,,,,,,,,,,,
3.08,0,5.331465946,ValidationSection,ValidationDataset,436443,5449119,4,0,0,FaciesB,2,ElementB,2,ElementSetA,1,,,,,,,,,,,,
3.09,0,5.388453839,ValidationSection,ValidationDataset,436443,5449119,4,0,0,FaciesB,2,ElementB,2,ElementSetA,1,,,,,,,,,,,,
3.1,0,5.445441733,ValidationSection,ValidationDataset,436443,5449119,4,0,0,FaciesB,2,ElementB,2,ElementSetA,1,,,,,,,,,,,,
3.11,0,5.502429626,ValidationSection,ValidationDataset,436443,5449119,4,1,0,FaciesB,2,ElementB,2,ElementSetA,1,,,,,,,,,,,,
3.12,0,5.559417519,ValidationSection,ValidationDataset,436443,5449119,4,1,0,FaciesB,2,ElementB,2,ElementSetA,1,,,,,,,,,,,,
3.13,0,5.616405412,ValidationSection,ValidationDataset,436443,5449119,4,1,0,FaciesB,2,ElementB,2,ElementSetA,1,,,,,,,,,,,,
3.14,0,5.673393305,ValidationSection,ValidationDataset,436443,5449119,4,1,0,FaciesB,2,ElementB,2,ElementSetA,1,,,,,,,,,,,,
3.15,0,5.730381198,ValidationSection,ValidationDataset,436443,5449119,4,1,0,FaciesB,2,ElementB,2,ElementSetA,1,,,,,,,,,,,,
3.16,0,5.787369091,ValidationSection,ValidationDataset,436443,5449119,4,1,0,FaciesB,2,ElementB,2,ElementSetA,1,,,,,,,,,,,,
3.17,0,5.844356984,ValidationSection,ValidationDataset,436443,5449119,4,1,0,FaciesB,2,ElementB,2,ElementSetA,1,,,,,,,,,,,,
3.18,0,5.901344877,ValidationSection,ValidationDataset,436443,5449119,4,1,0,FaciesB,2,ElementB,2,ElementSetA,1,,,,,,,,,,,,
3.19,0,5.95833277,ValidationSection,ValidationDataset,436443,5449119,4,1,0,FaciesB,2,ElementB,2,ElementSetA,1,,,,,,,,,,,,
3.2,0,6.015320663,ValidationSection,ValidationDataset,436443,5449119,4,1,0,FaciesB,2,ElementB,2,ElementSetA,1,,,,,,,,,,,,
3.21,0,5.96403156,ValidationSection,ValidationDataset,436443,5449119,4,1,0,FaciesB,2,ElementB,2,ElementSetA,1,,,,,,,,,,,,
3.22,0,5.912742456,ValidationSection,ValidationDataset,436443,5449119,4,1,0,FaciesB,2,ElementB,2,ElementSetA,1,,,,,,,,,,,,
3.23,0,5.861453352,ValidationSection,ValidationDataset,436443,5449119,4,1,0,FaciesB,2,ElementB,2,ElementSetA,1,,,,,,,,,,,,
3.24,0,5.810164248,ValidationSection,ValidationDataset,436443,5449119,4,1,0,FaciesB,2,ElementB,2,ElementSetA,1,,,,,,,,,,,,
3.25,0,5.758875144,ValidationSection,ValidationDataset,436443,5449119,4,1,0,FaciesB,2,ElementB,2,ElementSetA,1,,,,,,,,,,,,
3.26,0,5.707586041,ValidationSection,ValidationDataset,436443,5449119,4,1,0,FaciesB,2,ElementB,2,ElementSetA,1,,,,,,,,,,,,
3.27,0,5.656296937,ValidationSection,ValidationDataset,436443,5449119,4,1,0,FaciesB,2,ElementB,2,ElementSetA,1,,,,,,,,,,,,
3.28,0,5.605007833,ValidationSection,ValidationDataset,436443,5449119,4,1,0,FaciesB,2,ElementB,2,ElementSetA,1,,,,,,,,,,,,
3.29,0,5.553718729,ValidationSection,ValidationDataset,436443,5449119,4,1,0,FaciesB,2,ElementB,2,ElementSetA,1,,,,,,,,,,,,
3.3,0,5.502429626,ValidationSection,ValidationDataset,436443,5449119,4,1,0,FaciesB,2,ElementB,2,ElementSetA,1,,,,,,,,,,,,
3.31,0,5.451140522,ValidationSection,ValidationDataset,436443,5449119,4,0,0,FaciesB,2,ElementB,2,ElementSetA,1,,,,,,,,,,,,
3.32,0,5.399851418,ValidationSection,ValidationDataset,436443,5449119,4,0,0,FaciesB,2,ElementB,2,ElementSetA,1,,,,,,,,,,,,
3.33,0,5.348562314,ValidationSection,ValidationDataset,436443,5449119,4,0,0,FaciesB,2,ElementB,2,ElementSetA,1,,,,,,,,,,,,
3.34,0,5.297273211,ValidationSection,ValidationDataset,436443,5449119,4,0,0,FaciesB,2,ElementB,2,ElementSetA,1,,,,,,,,,,,,
3.35,0,5.245984107,ValidationSection,ValidationDataset,436443,5449119,4,0,0,FaciesB,2,ElementB,2,ElementSetA,1,,,,,,,,,,,,
3.36,0,5.194695003,ValidationSection,ValidationDataset,436443,5449119,4,0,0,FaciesB,2,ElementB,2,ElementSetA,1,,,,,,,,,,,,
3.37,0,5.143405899,ValidationSection,ValidationDataset,436443,5449119,4,0,0,FaciesB,2,ElementB,2,ElementSetA,1,,,,,,,,,,,,
3.38,0,5.092116796,ValidationSection,ValidationDataset,436443,5449119,4,0,0,FaciesB,2,ElementB,2,ElementSetA,1,,,,,,,,,,,,
3.39,0,5.040827692,ValidationSection,ValidationDataset,436443,5449119,4,0,0,FaciesB,2,ElementB,2,ElementSetA,1,,,,,,,,,,,,
3.4,0,4.989538588,ValidationSection,ValidationDataset,436443,5449119,4,0,0,FaciesB,2,ElementB,2,ElementSetA,1,,,,,,,,,,,,
3.41,0,5.039589917,ValidationSection,ValidationDataset,436443,5449119,4,0,0,FaciesB,2,ElementB,2,ElementSetA,1,,,,,,,,,,,,
3.42,0,5.089641245,ValidationSection,ValidationDataset,436443,5449119,4,0,0,FaciesB,2,ElementB,2,ElementSetA,1,,,,,,,,,,,,
3.43,0,5.139692574,ValidationSection,ValidationDataset,436443,5449119,4,0,0,FaciesB,2,ElementB,2,ElementSetA,1,,,,,,,,,,,,
3.44,0,5.189743902,ValidationSection,ValidationDataset,436443,5449119,4,0,0,FaciesB,2,ElementB,2,ElementSetA,1,,,,,,,,,,,,
3.45,0,5.239795231,ValidationSection,ValidationDataset,436443,5449119,4,0,0,FaciesB,2,ElementB,2,ElementSetA,1,,,,,,,,,,,,
3.46,0,5.289846559,ValidationSection,ValidationDataset,436443,5449119,4,0,0,FaciesB,2,ElementB,2,ElementSetA,1,,,,,,,,,,,,
3.47,0,5.339897888,ValidationSection,ValidationDataset,436443,5449119,4,0,0,FaciesB,2,ElementB,2,ElementSetA,1,,,,,,,,,,,,
3.48,0,5.389949216,ValidationSection,ValidationDataset,436443,5449119,4,0,0,FaciesB,2,ElementB,2,ElementSetA,1,,,,,,,,,,,,
3.49,0,5.440000545,ValidationSection,ValidationDataset,436443,5449119,4,0,0,FaciesB,2,ElementB,2,ElementSetA,1,,,,,,,,,,,,
3.5,0,5.490051873,ValidationSection,ValidationDataset,436443,5449119,4,0,0,FaciesB,2,ElementB,2,ElementSetA,1,,,,,,,,,,,,
3.51,0,5.540103202,ValidationSection,ValidationDataset,436443,5449119,4,1,0,FaciesB,2,ElementB,2,ElementSetA,1,,,,,,,,,,,,
3.52,0,5.590154531,ValidationSection,ValidationDataset,436443,5449119,4,1,0,FaciesB,2,ElementB,2,ElementSetA,1,,,,,,,,,,,,
3.53,0,5.640205859,ValidationSection,ValidationDataset,436443,5449119,4,1,0,FaciesB,2,ElementB,2,ElementSetA,1,,,,,,,,,,,,
3.54,0,5.690257188,ValidationSection,ValidationDataset,436443,5449119,4,1,0,FaciesB,2,ElementB,2,ElementSetA,1,,,,,,,,,,,,
3.55,0,5.740308516,ValidationSection,ValidationDataset,436443,5449119,4,1,0,FaciesB,2,ElementB,2,ElementSetA,1,,,,,,,,,,,,
3.56,0,5.790359845,ValidationSection,ValidationDataset,436443,5449119,4,1,0,FaciesB,2,ElementB,2,ElementSetA,1,,,,,,,,,,,,
3.57,0,5.840411173,ValidationSection,ValidationDataset,436443,5449119,4,1,0,FaciesB,2,ElementB,2,ElementSetA,1,,,,,,,,,,,,
3.58,0,5.890462502,ValidationSection,ValidationDataset,436443,5449119,4,1,0,FaciesB,2,ElementB,2,ElementSetA,1,,,,,,,,,,,,
3.59,0,5.94051383,ValidationSection,ValidationDataset,436443,5449119,4,1,0,FaciesB,2,ElementB,2,ElementSetA,1,,,,,,,,,,,,
3.6,0,5.990565159,ValidationSection,ValidationDataset,436443,5449119,4,1,0,FaciesB,2,ElementB,2,ElementSetA,1,,,,,,,,,,,,
3.61,0,5.94051383,ValidationSection,ValidationDataset,436443,5449119,4,1,0,FaciesB,2,ElementB,2,ElementSetA,1,,,,,,,,,,,,
3.62,0,5.890462502,ValidationSection,ValidationDataset,436443,5449119,4,1,0,FaciesB,2,ElementB,2,ElementSetA,1,,,,,,,,,,,,
3.63,0,5.840411173,ValidationSection,ValidationDataset,436443,5449119,4,1,0,FaciesB,2,ElementB,2,ElementSetA,1,,,,,,,,,,,,
3.64,0,5.790359845,ValidationSection,ValidationDataset,436443,5449119,4,1,0,FaciesB,2,ElementB,2,ElementSetA,1,,,,,,,,,,,,
3.65,0,5.740308516,ValidationSection,ValidationDataset,436443,5449119,4,1,0,FaciesB,2,ElementB,2,ElementSetA,1,,,,,,,,,,,,
3.66,0,5.690257188,ValidationSection,ValidationDataset,436443,5449119,4,1,0,FaciesB,2,ElementB,2,ElementSetA,1,,,,,,,,,,,,
3.67,0,5.640205859,ValidationSection,ValidationDataset,436443,5449119,4,1,0,FaciesB,2,ElementB,2,ElementSetA,1,,,,,,,,,,,,
3.68,0,5.590154531,ValidationSection,ValidationDataset,436443,5449119,4,1,0,FaciesB,2,ElementB,2,ElementSetA,1,,,,,,,,,,,,
3.69,0,5.540103202,ValidationSection,ValidationDataset,436443,5449119,4,1,0,FaciesB,2,ElementB,2,ElementSetA,1,,,,,,,,,,,,
3.7,0,5.490051873,ValidationSection,ValidationDataset,436443,5449119,4,0,0,FaciesB,2,ElementB,2,ElementSetA,1,,,,,,,,,,,,
3.71,0,5.440000545,ValidationSection,ValidationDataset,436443,5449119,4,0,0,FaciesB,2,ElementB,2,ElementSetA,1,,,,,,,,,,,,
3.72,0,5.389949216,ValidationSection,ValidationDataset,436443,5449119,4,0,0,FaciesB,2,ElementB,2,ElementSetA,1,,,,,,,,,,,,
3.73,0,5.339897888,ValidationSection,ValidationDataset,436443,5449119,4,0,0,FaciesB,2,ElementB,2,ElementSetA,1,,,,,,,,,,,,
3.74,0,5.289846559,ValidationSection,ValidationDataset,436443,5449119,4,0,0,FaciesB,2,ElementB,2,ElementSetA,1,,,,,,,,,,,,
3.75,0,5.239795231,ValidationSection,ValidationDataset,436443,5449119,4,0,0,FaciesB,2,ElementB,2,ElementSetA,1,,,,,,,,,,,,
3.76,0,5.189743902,ValidationSection,ValidationDataset,436443,5449119,4,0,0,FaciesB,2,ElementB,2,ElementSetA,1,,,,,,,,,,,,
3.77,0,5.139692574,ValidationSection,ValidationDataset,436443,5449119,4,0,0,FaciesB,2,ElementB,2,ElementSetA,1,,,,,,,,,,,,
3.78,0,5.089641245,ValidationSection,ValidationDataset,436443,5449119,4,0,0,FaciesB,2,ElementB,2,ElementSetA,1,,,,,,,,,,,,
3.79,0,5.039589917,ValidationSection,ValidationDataset,436443,5449119,4,0,0,FaciesB,2,ElementB,2,ElementSetA,1,,,,,,,,,,,,
3.8,0,4.989538588,ValidationSection,ValidationDataset,436443,5449119,4,0,0,FaciesB,2,ElementB,2,ElementSetA,1,,,,,,,,,,,,
3.81,0,5.042224197,ValidationSection,ValidationDataset,436443,5449119,4,0,0,FaciesB,2,ElementB,2,ElementSetA,1,,,,,,,,,,,,
3.82,0,5.094909806,ValidationSection,ValidationDataset,436443,5449119,4,0,0,FaciesB,2,ElementB,2,ElementSetA,1,,,,,,,,,,,,
3.83,0,5.147595415,ValidationSection,ValidationDataset,436443,5449119,4,0,0,FaciesB,2,ElementB,2,ElementSetA,1,,,,,,,,,,,,
3.84,0,5.200281024,ValidationSection,ValidationDataset,436443,5449119,4,0,0,FaciesB,2,ElementB,2,ElementSetA,1,,,,,,,,,,,,
3.85,0,5.252966633,ValidationSection,ValidationDataset,436443,5449119,4,0,0,FaciesB,2,ElementB,2,ElementSetA,1,,,,,,,,,,,,
3.86,0,5.305652242,ValidationSection,ValidationDataset,436443,5449119,4,0,0,FaciesB,2,ElementB,2,ElementSetA,1,,,,,,,,,,,,
3.87,0,5.358337851,ValidationSection,ValidationDataset,436443,5449119,4,0,0,FaciesB,2,ElementB,2,ElementSetA,1,,,,,,,,,,,,
3.88,0,5.41102346,ValidationSection,ValidationDataset,436443,5449119,4,0,0,FaciesB,2,ElementB,2,ElementSetA,1,,,,,,,,,,,,
3.89,0,5.463709069,ValidationSection,ValidationDataset,436443,5449119,4,0,0,FaciesB,2,ElementB,2,ElementSetA,1,,,,,,,,,,,,
3.9,0,5.516394678,ValidationSection,ValidationDataset,436443,5449119,4,1,0,FaciesB,2,ElementB,2,ElementSetA,1,,,,,,,,,,,,
3.91,0,5.569080287,ValidationSection,ValidationDataset,436443,5449119,4,1,0,FaciesB,2,ElementB,2,ElementSetA,1,,,,,,,,,,,,
3.92,0,5.621765896,ValidationSection,ValidationDataset,436443,5449119,4,1,0,FaciesB,2,ElementB,2,ElementSetA,1,,,,,,,,,,,,
3.93,0,5.674451505,ValidationSection,ValidationDataset,436443,5449119,4,1,0,FaciesB,2,ElementB,2,ElementSetA,1,,,,,,,,,,,,
3.94,0,5.727137114,ValidationSection,ValidationDataset,436443,5449119,4,1,0,FaciesB,2,ElementB,2,ElementSetA,1,,,,,,,,,,,,
3.95,0,5.779822723,ValidationSection,ValidationDataset,436443,5449119,4,1,0,FaciesB,2,ElementB,2,ElementSetA,1,,,,,,,,,,,,
3.96,0,5.832508332,ValidationSection,ValidationDataset,436443,5449119,4,1,0,FaciesB,2,ElementB,2,ElementSetA,1,,,,,,,,,,,,
3.97,0,5.885193941,ValidationSection,ValidationDataset,436443,5449119,4,1,0,FaciesB,2,ElementB,2,ElementSetA,1,,,,,,,,,,,,
3.98,0,5.93787955,ValidationSection,ValidationDataset,436443,5449119,4,1,0,FaciesB,2,ElementB,2,ElementSetA,1,,,,,,,,,,,,
3.99,0,5.990565159,ValidationSection,ValidationDataset,436443,5449119,4,1,0,FaciesB,2,ElementB,2,ElementSetA,1,,,,,,,,,,,,
4,1,5.990565159,ValidationSection,ValidationDataset,436443,5449119,4,1,1,FaciesB,2,ElementB,2,ElementSetA,1,1,5.494755419,6.015320663,,,,,,,,,
4.01,0,5.990565159,ValidationSection,ValidationDataset,436443,5449119,5,1,0,FaciesB,2,ElementB,2,ElementSetA,1,,,,,,,,,,,,
4.02,0,5.990565159,ValidationSection,ValidationDataset,436443,5449119,5,1,0,FaciesB,2,ElementB,2,ElementSetA,1,,,,,,,,,,,,
4.03,0,5.934952572,ValidationSection,ValidationDataset,436443,5449119,5,1,0,FaciesB,2,ElementB,2,ElementSetA,1,,,,,,,,,,,,
4.04,0,5.879339984,ValidationSection,ValidationDataset,436443,5449119,5,1,0,FaciesB,2,ElementB,2,ElementSetA,1,,,,,,,,,,,,
4.05,0,5.823727397,ValidationSection,ValidationDataset,436443,5449119,5,1,0,FaciesB,2,ElementB,2,ElementSetA,1,,,,,,,,,,,,
4.06,0,5.76811481,ValidationSection,ValidationDataset,436443,5449119,5,1,0,FaciesB,2,ElementB,2,ElementSetA,1,,,,,,,,,,,,
4.07,0,5.712502223,ValidationSection,ValidationDataset,436443,5449119,5,1,0,FaciesB,2,ElementB,2,ElementSetA,1,,,,,,,,,,,,
4.08,0,5.656889635,ValidationSection,ValidationDataset,436443,5449119,5,1,0,FaciesB,2,ElementB,2,ElementSetA,1,,,,,,,,,,,,
4.09,0,5.601277048,ValidationSection,ValidationDataset,436443,5449119,5,1,0,FaciesB,2,ElementB,2,ElementSetA,1,,,,,,,,,,,,
4.1,0,5.545664461,ValidationSection,ValidationDataset,436443,5449119,5,1,0,FaciesB,2,ElementB,2,ElementSetA,1,,,,,,,,,,,,
4.11,0,5.490051873,ValidationSection,ValidationDataset,436443,5449119,5,0,0,FaciesB,2,ElementB,2,ElementSetA,1,,,,,,,,,,,,
4.12,0,5.434439286,ValidationSection,ValidationDataset,436443,5449119,5,0,0,FaciesB,2,ElementB,2,ElementSetA,1,,,,,,,,,,,,
4.13,0,5.378826699,ValidationSection,ValidationDataset,436443,5449119,5,0,0,FaciesB,2,ElementB,2,ElementSetA,1,,,,,,,,,,,,
4.14,0,5.323214112,ValidationSection,ValidationDataset,436443,5449119,5,0,0,FaciesB,2,ElementB,2,ElementSetA,1,,,,,,,,,,,,
4.15,0,5.267601524,ValidationSection,ValidationDataset,436443,5449119,5,0,0,FaciesB,2,ElementB,2,ElementSetA,1,,,,,,,,,,,,
4.16,0,5.211988937,ValidationSection,ValidationDataset,436443,5449119,5,0,0,FaciesB,2,ElementB,2,ElementSetA,1,,,,,,,,,,,,
4.17,0,5.15637635,ValidationSection,ValidationDataset,436443,5449119,5,0,0,FaciesB,2,ElementB,2,ElementSetA,1,,,,,,,,,,,,
4.18,0,5.100763763,ValidationSection,ValidationDataset,436443,5449119,5,0,0,FaciesB,2,ElementB,2,ElementSetA,1,,,,,,,,,,,,
4.19,0,5.045151175,ValidationSection,ValidationDataset,436443,5449119,5,0,0,FaciesB,2,ElementB,2,ElementSetA,1,,,,,,,,,,,,
4.2,0,4.989538588,ValidationSection,ValidationDataset,436443,5449119,5,0,0,FaciesB,2,ElementB,2,ElementSetA,1,,,,,,,,,,,,
4.21,0,4.939689457,ValidationSection,ValidationDataset,436443,5449119,5,0,0,FaciesB,2,ElementB,2,ElementSetA,1,,,,,,,,,,,,
4.22,0,4.889840326,ValidationSection,ValidationDataset,436443,5449119,5,0,0,FaciesB,2,ElementB,2,ElementSetA,1,,,,,,,,,,,,
4.23,0,4.839991195,ValidationSection,ValidationDataset,436443,5449119,5,0,0,FaciesB,2,ElementB,2,ElementSetA,1,,,,,,,,,,,,
4.24,0,4.790142064,ValidationSection,ValidationDataset,436443,5449119,5,0,0,FaciesB,2,ElementB,2,ElementSetA,1,,,,,,,,,,,,
4.25,0,4.740292933,ValidationSection,ValidationDataset,436443,5449119,5,0,0,FaciesB,2,ElementB,2,ElementSetA,1,,,,,,,,,,,,
4.26,0,4.690443802,ValidationSection,ValidationDataset,436443,5449119,5,0,0,FaciesB,2,ElementB,2,ElementSetA,1,,,,,,,,,,,,
4.27,0,4.640594671,ValidationSection,ValidationDataset,436443,5449119,5,0,0,FaciesB,2,ElementB,2,ElementSetA,1,,,,,,,,,,,,
4.28,0,4.59074554,ValidationSection,ValidationDataset,436443,5449119,5,0,0,FaciesB,2,ElementB,2,ElementSetA,1,,,,,,,,,,,,
4.29,0,4.540896409,ValidationSection,ValidationDataset,436443,5449119,5,0,0,FaciesB,2,ElementB,2,ElementSetA,1,,,,,,,,,,,,
4.3,0,4.491047278,ValidationSection,ValidationDataset,436443,5449119,5,0,0,FaciesB,2,ElementB,2,ElementSetA,1,,,,,,,,,,,,
4.31,0,4.441198147,ValidationSection,ValidationDataset,436443,5449119,5,0,0,FaciesB,2,ElementB,2,ElementSetA,1,,,,,,,,,,,,
4.32,0,4.391349016,ValidationSection,ValidationDataset,436443,5449119,5,0,0,FaciesB,2,ElementB,2,ElementSetA,1,,,,,,,,,,,,
4.33,0,4.341499885,ValidationSection,ValidationDataset,436443,5449119,5,0,0,FaciesB,2,ElementB,2,ElementSetA,1,,,,,,,,,,,,
4.34,0,4.291650754,ValidationSection,ValidationDataset,436443,5449119,5,0,0,FaciesB,2,ElementB,2,ElementSetA,1,,,,,,,,,,,,
4.35,0,4.241801623,ValidationSection,ValidationDataset,436443,5449119,5,0,0,FaciesB,2,ElementB,2,ElementSetA,1,,,,,,,,,,,,
4.36,0,4.191952492,ValidationSection,ValidationDataset,436443,5449119,5,0,0,FaciesB,2,ElementB,2,ElementSetA,1,,,,,,,,,,,,
4.37,0,4.142103361,ValidationSection,ValidationDataset,436443,5449119,5,0,0,FaciesB,2,ElementB,2,ElementSetA,1,,,,,,,,,,,,
4.38,0,4.09225423,ValidationSection,ValidationDataset,436443,5449119,5,0,0,FaciesB,2,ElementB,2,ElementSetA,1,,,,,,,,,,,,
4.39,0,4.042405099,ValidationSection,ValidationDataset,436443,5449119,5,0,0,FaciesB,2,ElementB,2,ElementSetA,1,,,,,,,,,,,,
4.4,0,3.992555968,ValidationSection,ValidationDataset,436443,5449119,5,0,0,FaciesB,2,ElementB,2,ElementSetA,1,,,,,,,,,,,,
4.41,0,3.94294018,ValidationSection,ValidationDataset,436443,5449119,5,0,0,FaciesB,2,ElementB,2,ElementSetA,1,,,,,,,,,,,,
4.42,0,3.893324392,ValidationSection,ValidationDataset,436443,5449119,5,0,0,FaciesB,2,ElementB,2,ElementSetA,1,,,,,,,,,,,,
4.43,0,3.843708604,ValidationSection,ValidationDataset,436443,5449119,5,0,0,FaciesB,2,ElementB,2,ElementSetA,1,,,,,,,,,,,,
4.44,0,3.794092815,ValidationSection,ValidationDataset,436443,5449119,5,0,0,FaciesB,2,ElementB,2,ElementSetA,1,,,,,,,,,,,,
4.45,0,3.744477027,ValidationSection,ValidationDataset,436443,5449119,5,0,0,FaciesB,2,ElementB,2,ElementSetA,1,,,,,,,,,,,,
4.46,0,3.694861239,ValidationSection,ValidationDataset,436443,5449119,5,0,0,FaciesB,2,ElementB,2,ElementSetA,1,,,,,,,,,,,,
4.47,0,3.645245451,ValidationSection,ValidationDataset,436443,5449119,5,0,0,FaciesB,2,ElementB,2,ElementSetA,1,,,,,,,,,,,,
4.48,0,3.595629662,ValidationSection,ValidationDataset,436443,5449119,5,0,0,FaciesB,2,ElementB,2,ElementSetA,1,,,,,,,,,,,,
4.49,0,3.546013874,ValidationSection,ValidationDataset,436443,5449119,5,0,0,FaciesB,2,ElementB,2,ElementSetA,1,,,,,,,,,,,,
4.5,0,3.496398086,ValidationSection,ValidationDataset,436443,5449119,5,0,0,FaciesB,2,ElementB,2,ElementSetA,1,,,,,,,,,,,,
4.51,0,3.446782298,ValidationSection,ValidationDataset,436443,5449119,5,0,0,FaciesB,2,ElementB,2,ElementSetA,1,,,,,,,,,,,,
4.52,0,3.397166509,ValidationSection,ValidationDataset,436443,5449119,5,0,0,FaciesB,2,ElementB,2,ElementSetA,1,,,,,,,,,,,,
4.53,0,3.347550721,ValidationSection,ValidationDataset,436443,5449119,5,0,0,FaciesB,2,ElementB,2,ElementSetA,1,,,,,,,,,,,,
4.54,0,3.297934933,ValidationSection,ValidationDataset,436443,5449119,5,0,0,FaciesB,2,ElementB,2,ElementSetA,1,,,,,,,,,,,,
4.55,0,3.248319145,ValidationSection,ValidationDataset,436443,5449119,5,0,0,FaciesB,2,ElementB,2,ElementSetA,1,,,,,,,,,,,,
4.56,0,3.198703356,ValidationSection,ValidationDataset,436443,5449119,5,0,0,FaciesB,2,ElementB,2,ElementSetA,1,,,,,,,,,,,,
4.57,0,3.149087568,ValidationSection,ValidationDataset,436443,5449119,5,0,0,FaciesB,2,ElementB,2,ElementSetA,1,,,,,,,,,,,,
4.58,0,3.09947178,ValidationSection,ValidationDataset,436443,5449119,5,0,0,FaciesB,2,ElementB,2,ElementSetA,1,,,,,,,,,,,,
4.59,0,3.049855992,ValidationSection,ValidationDataset,436443,5449119,5,0,0,FaciesB,2,ElementB,2,ElementSetA,1,,,,,,,,,,,,
4.6,0,3.000240203,ValidationSection,ValidationDataset,436443,5449119,5,0,0,FaciesB,2,ElementB,2,ElementSetA,1,,,,,,,,,,,,
4.61,0,2.950904211,ValidationSection,ValidationDataset,436443,5449119,5,0,0,FaciesB,2,ElementB,2,ElementSetA,1,,,,,,,,,,,,
4.62,0,2.901568219,ValidationSection,ValidationDataset,436443,5449119,5,0,0,FaciesB,2,ElementB,2,ElementSetA,1,,,,,,,,,,,,
4.63,0,2.852232227,ValidationSection,ValidationDataset,436443,5449119,5,0,0,FaciesB,2,ElementB,2,ElementSetA,1,,,,,,,,,,,,
4.64,0,2.802896235,ValidationSection,ValidationDataset,436443,5449119,5,0,0,FaciesB,2,ElementB,2,ElementSetA,1,,,,,,,,,,,,
4.65,0,2.753560243,ValidationSection,ValidationDataset,436443,5449119,5,0,0,FaciesB,2,ElementB,2,ElementSetA,1,,,,,,,,,,,,
4.66,0,2.70422425,ValidationSection,ValidationDataset,436443,5449119,5,0,0,FaciesB,2,ElementB,2,ElementSetA,1,,,,,,,,,,,,
4.67,0,2.654888258,ValidationSection,ValidationDataset,436443,5449119,5,0,0,FaciesB,2,ElementB,2,ElementSetA,1,,,,,,,,,,,,
4.68,0,2.605552266,ValidationSection,ValidationDataset,436443,5449119,5,0,0,FaciesB,2,ElementB,2,ElementSetA,1,,,,,,,,,,,,
4.69,0,2.556216274,ValidationSection,ValidationDataset,436443,5449119,5,0,0,FaciesB,2,ElementB,2,ElementSetA,1,,,,,,,,,,,,
4.7,0,2.506880282,ValidationSection,ValidationDataset,436443,5449119,5,0,0,FaciesB,2,ElementB,2,ElementSetA,1,,,,,,,,,,,,
4.71,0,2.45754429,ValidationSection,ValidationDataset,436443,5449119,5,0,0,FaciesB,2,ElementB,2,ElementSetA,1,,,,,,,,,,,,
4.72,0,2.408208298,ValidationSection,ValidationDataset,436443,5449119,5,0,0,FaciesB,2,ElementB,2,ElementSetA,1,,,,,,,,,,,,
4.73,0,2.358872306,ValidationSection,ValidationDataset,436443,5449119,5,0,0,FaciesB,2,ElementB,2,ElementSetA,1,,,,,,,,,,,,
4.74,0,2.309536313,ValidationSection,ValidationDataset,436443,5449119,5,0,0,FaciesB,2,ElementB,2,ElementSetA,1,,,,,,,,,,,,
4.75,0,2.260200321,ValidationSection,ValidationDataset,436443,5449119,5,0,0,FaciesB,2,ElementB,2,ElementSetA,1,,,,,,,,,,,,
4.76,0,2.210864329,ValidationSection,ValidationDataset,436443,5449119,5,0,0,FaciesB,2,ElementB,2,ElementSetA,1,,,,,,,,,,,,
4.77,0,2.161528337,ValidationSection,ValidationDataset,436443,5449119,5,0,0,FaciesB,2,ElementB,2,ElementSetA,1,,,,,,,,,,,,
4.78,0,2.112192345,ValidationSection,ValidationDataset,436443,5449119,5,0,0,FaciesB,2,ElementB,2,ElementSetA,1,,,,,,,,,,,,
4.79,0,2.062856353,ValidationSection,ValidationDataset,436443,5449119,5,0,0,FaciesB,2,ElementB,2,ElementSetA,1,,,,,,,,,,,,
4.8,0,2.013520361,ValidationSection,ValidationDataset,436443,5449119,5,0,0,FaciesB,2,ElementB,2,ElementSetA,1,,,,,,,,,,,,
4.81,0,1.958129879,ValidationSection,ValidationDataset,436443,5449119,5,0,0,FaciesB,2,ElementB,2,ElementSetA,1,,,,,,,,,,,,
4.82,0,1.902739398,ValidationSection,ValidationDataset,436443,5449119,5,0,0,FaciesB,2,ElementB,2,ElementSetA,1,,,,,,,,,,,,
4.83,0,1.847348917,ValidationSection,ValidationDataset,436443,5449119,5,0,0,FaciesB,2,ElementB,2,ElementSetA,1,,,,,,,,,,,,
4.84,0,1.791958436,ValidationSection,ValidationDataset,436443,5449119,5,0,0,FaciesB,2,ElementB,2,ElementSetA,1,,,,,,,,,,,,
4.85,0,1.736567954,ValidationSection,ValidationDataset,436443,5449119,5,0,0,FaciesB,2,ElementB,2,ElementSetA,1,,,,,,,,,,,,
4.86,0,1.681177473,ValidationSection,ValidationDataset,436443,5449119,5,0,0,FaciesB,2,ElementB,2,ElementSetA,1,,,,,,,,,,,,
4.87,0,1.625786992,ValidationSection,ValidationDataset,436443,5449119,5,0,0,FaciesB,2,ElementB,2,ElementSetA,1,,,,,,,,,,,,
4.88,0,1.57039651,ValidationSection,ValidationDataset,436443,5449119,5,0,0,FaciesB,2,ElementB,2,ElementSetA,1,,,,,,,,,,,,
4.89,0,1.515006029,ValidationSection,ValidationDataset,436443,5449119,5,0,0,FaciesB,2,ElementB,2,ElementSetA,1,,,,,,,,,,,,
4.9,0,1.459615548,ValidationSection,ValidationDataset,436443,5449119,5,0,0,FaciesB,2,ElementB,2,ElementSetA,1,,,,,,,,,,,,
4.91,0,1.404225066,ValidationSection,ValidationDataset,436443,5449119,5,0,0,FaciesB,2,ElementB,2,ElementSetA,1,,,,,,,,,,,,
4.92,0,1.348834585,ValidationSection,ValidationDataset,436443,5449119,5,0,0,FaciesB,2,ElementB,2,ElementSetA,1,,,,,,,,,,,,
4.93,0,1.293444104,ValidationSection,ValidationDataset,436443,5449119,5,0,0,FaciesB,2,ElementB,2,ElementSetA,1,,,,,,,,,,,,
4.94,0,1.238053623,ValidationSection,ValidationDataset,436443,5449119,5,0,0,FaciesB,2,ElementB,2,ElementSetA,1,,,,,,,,,,,,
4.95,0,1.182663141,ValidationSection,ValidationDataset,436443,5449119,5,0,0,FaciesB,2,ElementB,2,ElementSetA,1,,,,,,,,,,,,
4.96,0,1.12727266,ValidationSection,ValidationDataset,436443,5449119,5,0,0,FaciesB,2,ElementB,2,ElementSetA,1,,,,,,,,,,,,
4.97,0,1.071882179,ValidationSection,ValidationDataset,436443,5449119,5,0,0,FaciesB,2,ElementB,2,ElementSetA,1,,,,,,,,,,,,
4.98,0,1.016491697,ValidationSection,ValidationDataset,436443,5449119,5,0,0,FaciesB,2,ElementB,2,ElementSetA,1,,,,,,,,,,,,
4.99,0,1.016491697,ValidationSection,ValidationDataset,436443,5449119,5,0,0,FaciesB,2,ElementB,2,ElementSetA,1,,,,,,,,,,,,
5,1,1.016491697,ValidationSection,ValidationDataset,436443,5449119,5,0,0,FaciesB,2,ElementB,2,ElementSetA,1,1,3.475046321,5.990565159,2,4.48490087,0.3,,,,,,
5.01,0,3.992555968,ValidationSection,ValidationDataset,436443,5449119,6,0,0,FaciesA,3,ElementB,2,ElementSetA,1,,,,,,,,,,,,
5.02,0,3.992555968,ValidationSection,ValidationDataset,436443,5449119,6,0,0,FaciesA,3,ElementB,2,ElementSetA,1,,,,,,,,,,,,
5.03,0,3.992994829,ValidationSection,ValidationDataset,436443,5449119,6,0,0,FaciesA,3,ElementB,2,ElementSetA,1,,,,,,,,,,,,
5.04,0,3.993433691,ValidationSection,ValidationDataset,436443,5449119,6,0,0,FaciesA,3,ElementB,2,ElementSetA,1,,,,,,,,,,,,
5.05,0,3.993872552,ValidationSection,ValidationDataset,436443,5449119,6,0,0,FaciesA,3,ElementB,2,ElementSetA,1,,,,,,,,,,,,
5.06,0,3.994311413,ValidationSection,ValidationDataset,436443,5449119,6,0,0,FaciesA,3,ElementB,2,ElementSetA,1,,,,,,,,,,,,
5.07,0,3.994750274,ValidationSection,ValidationDataset,436443,5449119,6,0,0,FaciesA,3,ElementB,2,ElementSetA,1,,,,,,,,,,,,
5.08,0,3.995189135,ValidationSection,ValidationDataset,436443,5449119,6,0,0,FaciesA,3,ElementB,2,ElementSetA,1,,,,,,,,,,,,
5.09,0,3.995627997,ValidationSection,ValidationDataset,436443,5449119,6,0,0,FaciesA,3,ElementB,2,ElementSetA,1,,,,,,,,,,,,
5.1,0,3.996066858,ValidationSection,ValidationDataset,436443,5449119,6,0,0,FaciesA,3,ElementB,2,ElementSetA,1,,,,,,,,,,,,
5.11,0,3.996505719,ValidationSection,ValidationDataset,436443,5449119,6,0,0,FaciesA,3,ElementB,2,ElementSetA,1,,,,,,,,,,,,
5.12,0,3.99694458,ValidationSection,ValidationDataset,436443,5449119,6,0,0,FaciesA,3,ElementB,2,ElementSetA,1,,,,,,,,,,,,
5.13,0,3.997383441,ValidationSection,ValidationDataset,436443,5449119,6,0,0,FaciesA,3,ElementB,2,ElementSetA,1,,,,,,,,,,,,
5.14,0,3.997822303,ValidationSection,ValidationDataset,436443,5449119,6,0,0,FaciesA,3,ElementB,2,ElementSetA,1,,,,,,,,,,,,
5.15,0,3.998261164,ValidationSection,ValidationDataset,436443,5449119,6,0,0,FaciesA,3,ElementB,2,ElementSetA,1,,,,,,,,,,,,
5.16,0,3.998700025,ValidationSection,ValidationDataset,436443,5449119,6,0,0,FaciesA,3,ElementB,2,ElementSetA,1,,,,,,,,,,,,
5.17,0,3.999138886,ValidationSection,ValidationDataset,436443,5449119,6,0,0,FaciesA,3,ElementB,2,ElementSetA,1,,,,,,,,,,,,
5.18,0,3.999577747,ValidationSection,ValidationDataset,436443,5449119,6,0,0,FaciesA,3,ElementB,2,ElementSetA,1,,,,,,,,,,,,
5.19,0,4.000016609,ValidationSection,ValidationDataset,436443,5449119,6,0,0,FaciesA,3,ElementB,2,ElementSetA,1,,,,,,,,,,,,
5.2,0,4.00045547,ValidationSection,ValidationDataset,436443,5449119,6,0,0,FaciesA,3,ElementB,2,ElementSetA,1,,,,,,,,,,,,
5.21,0,4.00045547,ValidationSection,ValidationDataset,436443,5449119,6,0,0,FaciesA,3,ElementB,2,ElementSetA,1,,,,,,,,,,,,
5.22,0,4.00045547,ValidationSection,ValidationDataset,436443,5449119,6,0,0,FaciesA,3,ElementB,2,ElementSetA,1,,,,,,,,,,,,
5.23,0,4.00045547,ValidationSection,ValidationDataset,436443,5449119,6,0,0,FaciesA,3,ElementB,2,ElementSetA,1,,,,,,,,,,,,
5.24,0,4.00045547,ValidationSection,ValidationDataset,436443,5449119,6,0,0,FaciesA,3,ElementB,2,ElementSetA,1,,,,,,,,,,,,
5.25,0,4.00045547,ValidationSection,ValidationDataset,436443,5449119,6,0,0,FaciesA,3,ElementB,2,ElementSetA,1,,,,,,,,,,,,
5.26,0,4.00045547,ValidationSection,ValidationDataset,436443,5449119,6,0,0,FaciesA,3,ElementB,2,ElementSetA,1,,,,,,,,,,,,
5.27,0,4.00045547,ValidationSection,ValidationDataset,436443,5449119,6,0,0,FaciesA,3,ElementB,2,ElementSetA,1,,,,,,,,,,,,
5.28,0,4.00045547,ValidationSection,ValidationDataset,436443,5449119,6,0,0,FaciesA,3,ElementB,2,ElementSetA,1,,,,,,,,,,,,
5.29,0,4.00045547,ValidationSection,ValidationDataset,436443,5449119,6,0,0,FaciesA,3,ElementB,2,ElementSetA,1,,,,,,,,,,,,
5.3,0,4.00045547,ValidationSection,ValidationDataset,436443,5449119,6,0,0,FaciesA,3,ElementB,2,ElementSetA,1,,,,,,,,,,,,
5.31,0,4.00045547,ValidationSection,ValidationDataset,436443,5449119,6,0,0,FaciesA,3,ElementB,2,ElementSetA,1,,,,,,,,,,,,
5.32,0,4.00045547,ValidationSection,ValidationDataset,436443,5449119,6,0,0,FaciesA,3,ElementB,2,ElementSetA,1,,,,,,,,,,,,
5.33,0,4.00045547,ValidationSection,ValidationDataset,436443,5449119,6,0,0,FaciesA,3,ElementB,2,ElementSetA,1,,,,,,,,,,,,
5.34,0,4.00045547,ValidationSection,ValidationDataset,436443,5449119,6,0,0,FaciesA,3,ElementB,2,ElementSetA,1,,,,,,,,,,,,
5.35,0,4.00045547,ValidationSection,ValidationDataset,436443,5449119,6,0,0,FaciesA,3,ElementB,2,ElementSetA,1,,,,,,,,,,,,
5.36,0,4.00045547,ValidationSection,ValidationDataset,436443,5449119,6,0,0,FaciesA,3,ElementB,2,ElementSetA,1,,,,,,,,,,,,
5.37,0,4.00045547,ValidationSection,ValidationDataset,436443,5449119,6,0,0,FaciesA,3,ElementB,2,ElementSetA,1,,,,,,,,,,,,
5.38,0,4.00045547,ValidationSection,ValidationDataset,436443,5449119,6,0,0,FaciesA,3,ElementB,2,ElementSetA,1,,,,,,,,,,,,
5.39,0,4.00045547,ValidationSection,ValidationDataset,436443,5449119,6,0,0,FaciesA,3,ElementB,2,ElementSetA,1,,,,,,,,,,,,
5.4,0,4.00045547,ValidationSection,ValidationDataset,436443,5449119,6,0,0,FaciesA,3,ElementB,2,ElementSetA,1,,,,,,,,,,,,
5.41,0,4.00045547,ValidationSection,ValidationDataset,436443,5449119,6,0,0,FaciesA,3,ElementB,2,ElementSetA,1,,,,,,,,,,,,
5.42,0,4.00045547,ValidationSection,ValidationDataset,436443,5449119,6,0,0,FaciesA,3,ElementB,2,ElementSetA,1,,,,,,,,,,,,
5.43,0,4.00045547,ValidationSection,ValidationDataset,436443,5449119,6,0,0,FaciesA,3,ElementB,2,ElementSetA,1,,,,,,,,,,,,
5.44,0,4.00045547,ValidationSection,ValidationDataset,436443,5449119,6,0,0,FaciesA,3,ElementB,2,ElementSetA,1,,,,,,,,,,,,
5.45,0,4.00045547,ValidationSection,ValidationDataset,436443,5449119,6,0,0,FaciesA,3,ElementB,2,ElementSetA,1,,,,,,,,,,,,
5.46,0,4.00045547,ValidationSection,ValidationDataset,436443,5449119,6,0,0,FaciesA,3,ElementB,2,ElementSetA,1,,,,,,,,,,,,
5.47,0,4.00045547,ValidationSection,ValidationDataset,436443,5449119,6,0,0,FaciesA,3,ElementB,2,ElementSetA,1,,,,,,,,,,,,
5.48,0,4.00045547,ValidationSection,ValidationDataset,436443,5449119,6,0,0,FaciesA,3,ElementB,2,ElementSetA,1,,,,,,,,,,,,
5.49,0,4.00045547,ValidationSection,ValidationDataset,436443,5449119,6,0,0,FaciesA,3,ElementB,2,ElementSetA,1,,,,,,,,,,,,
5.5,0,4.00045547,ValidationSection,ValidationDataset,436443,5449119,6,0,0,FaciesA,3,ElementB,2,ElementSetA,1,,,,,,,,,,,,
5.51,0,4.00045547,ValidationSection,ValidationDataset,436443,5449119,6,0,0,FaciesA,3,ElementB,2,ElementSetA,1,,,,,,,,,,,,
5.52,0,4.00045547,ValidationSection,ValidationDataset,436443,5449119,6,0,0,FaciesA,3,ElementB,2,ElementSetA,1,,,,,,,,,,,,
5.53,0,4.00045547,ValidationSection,ValidationDataset,436443,5449119,6,0,0,FaciesA,3,ElementB,2,ElementSetA,1,,,,,,,,,,,,
5.54,0,4.00045547,ValidationSection,ValidationDataset,436443,5449119,6,0,0,FaciesA,3,ElementB,2,ElementSetA,1,,,,,,,,,,,,
5.55,0,4.00045547,ValidationSection,ValidationDataset,436443,5449119,6,0,0,FaciesA,3,ElementB,2,ElementSetA,1,,,,,,,,,,,,
5.56,0,4.00045547,ValidationSection,ValidationDataset,436443,5449119,6,0,0,FaciesA,3,ElementB,2,ElementSetA,1,,,,,,,,,,,,
5.57,0,4.00045547,ValidationSection,ValidationDataset,436443,5449119,6,0,0,FaciesA,3,ElementB,2,ElementSetA,1,,,,,,,,,,,,
5.58,0,4.00045547,ValidationSection,ValidationDataset,436443,5449119,6,0,0,FaciesA,3,ElementB,2,ElementSetA,1,,,,,,,,,,,,
5.59,0,4.00045547,ValidationSection,ValidationDataset,436443,5449119,6,0,0,FaciesA,3,ElementB,2,ElementSetA,1,,,,,,,,,,,,
5.6,0,4.00045547,ValidationSection,ValidationDataset,436443,5449119,6,0,0,FaciesA,3,ElementB,2,ElementSetA,1,,,,,,,,,,,,
5.61,0,3.999215539,ValidationSection,ValidationDataset,436443,5449119,6,0,0,FaciesA,3,ElementB,2,ElementSetA,1,,,,,,,,,,,,
5.62,0,3.997975608,ValidationSection,ValidationDataset,436443,5449119,6,0,0,FaciesA,3,ElementB,2,ElementSetA,1,,,,,,,,,,,,
5.63,0,3.996735676,ValidationSection,ValidationDataset,436443,5449119,6,0,0,FaciesA,3,ElementB,2,ElementSetA,1,,,,,,,,,,,,
5.64,0,3.995495745,ValidationSection,ValidationDataset,436443,5449119,6,0,0,FaciesA,3,ElementB,2,ElementSetA,1,,,,,,,,,,,,
5.65,0,3.994255814,ValidationSection,ValidationDataset,436443,5449119,6,0,0,FaciesA,3,ElementB,2,ElementSetA,1,,,,,,,,,,,,
5.66,0,3.993015883,ValidationSection,ValidationDataset,436443,5449119,6,0,0,FaciesA,3,ElementB,2,ElementSetA,1,,,,,,,,,,,,
5.67,0,3.991775952,ValidationSection,ValidationDataset,436443,5449119,6,0,0,FaciesA,3,ElementB,2,ElementSetA,1,,,,,,,,,,,,
5.68,0,3.99053602,ValidationSection,ValidationDataset,436443,5449119,6,0,0,FaciesA,3,ElementB,2,ElementSetA,1,,,,,,,,,,,,
5.69,0,3.989296089,ValidationSection,ValidationDataset,436443,5449119,6,0,0,FaciesA,3,ElementB,2,ElementSetA,1,,,,,,,,,,,,
5.7,0,3.988056158,ValidationSection,ValidationDataset,436443,5449119,6,0,0,FaciesA,3,ElementB,2,ElementSetA,1,,,,,,,,,,,,
5.71,0,3.986816227,ValidationSection,ValidationDataset,436443,5449119,6,0,0,FaciesA,3,ElementB,2,ElementSetA,1,,,,,,,,,,,,
5.72,0,3.985576296,ValidationSection,ValidationDataset,436443,5449119,6,0,0,FaciesA,3,ElementB,2,ElementSetA,1,,,,,,,,,,,,
5.73,0,3.984336365,ValidationSection,ValidationDataset,436443,5449119,6,0,0,FaciesA,3,ElementB,2,ElementSetA,1,,,,,,,,,,,,
5.74,0,3.983096433,ValidationSection,ValidationDataset,436443,5449119,6,0,0,FaciesA,3,ElementB,2,ElementSetA,1,,,,,,,,,,,,
5.75,0,3.981856502,ValidationSection,ValidationDataset,436443,5449119,6,0,0,FaciesA,3,ElementB,2,ElementSetA,1,,,,,,,,,,,,
5.76,0,3.980616571,ValidationSection,ValidationDataset,436443,5449119,6,0,0,FaciesA,3,ElementB,2,ElementSetA,1,,,,,,,,,,,,
5.77,0,3.97937664,ValidationSection,ValidationDataset,436443,5449119,6,0,0,FaciesA,3,ElementB,2,ElementSetA,1,,,,,,,,,,,,
5.78,0,3.978136709,ValidationSection,ValidationDataset,436443,5449119,6,0,0,FaciesA,3,ElementB,2,ElementSetA,1,,,,,,,,,,,,
5.79,0,3.976896778,ValidationSection,ValidationDataset,436443,5449119,6,0,0,FaciesA,3,ElementB,2,ElementSetA,1,,,,,,,,,,,,
5.8,0,3.975656846,ValidationSection,ValidationDataset,436443,5449119,6,0,0,FaciesA,3,ElementB,2,ElementSetA,1,,,,,,,,,,,,
5.81,0,3.977034548,ValidationSection,ValidationDataset,436443,5449119,6,0,0,FaciesA,3,ElementB,2,ElementSetA,1,,,,,,,,,,,,
5.82,0,3.978412249,ValidationSection,ValidationDataset,436443,5449119,6,0,0,FaciesA,3,ElementB,2,ElementSetA,1,,,,,,,,,,,,
5.83,0,3.97978995,ValidationSection,ValidationDataset,436443,5449119,6,0,0,FaciesA,3,ElementB,2,ElementSetA,1,,,,,,,,,,,,
5.84,0,3.981167652,ValidationSection,ValidationDataset,436443,5449119,6,0,0,FaciesA,3,ElementB,2,ElementSetA,1,,,,,,,,,,,,
5.85,0,3.982545353,ValidationSection,ValidationDataset,436443,5449119,6,0,0,FaciesA,3,ElementB,2,ElementSetA,1,,,,,,,,,,,,
5.86,0,3.983923054,ValidationSection,ValidationDataset,436443,5449119,6,0,0,FaciesA,3,ElementB,2,ElementSetA,1,,,,,,,,,,,,
5.87,0,3.985300756,ValidationSection,ValidationDataset,436443,5449119,6,0,0,FaciesA,3,ElementB,2,ElementSetA,1,,,,,,,,,,,,
5.88,0,3.986678457,ValidationSection,ValidationDataset,436443,5449119,6,0,0,FaciesA,3,ElementB,2,ElementSetA,1,,,,,,,,,,,,
5.89,0,3.988056158,ValidationSection,ValidationDataset,436443,5449119,6,0,0,FaciesA,3,ElementB,2,ElementSetA,1,,,,,,,,,,,,
5.9,0,3.989433859,ValidationSection,ValidationDataset,436443,5449119,6,0,0,FaciesA,3,ElementB,2,ElementSetA,1,,,,,,,,,,,,
5.91,0,3.990811561,ValidationSection,ValidationDataset,436443,5449119,6,0,0,FaciesA,3,ElementB,2,ElementSetA,1,,,,,,,,,,,,
5.92,0,3.992189262,ValidationSection,ValidationDataset,436443,5449119,6,0,0,FaciesA,3,ElementB,2,ElementSetA,1,,,,,,,,,,,,
5.93,0,3.993566963,ValidationSection,ValidationDataset,436443,5449119,6,0,0,FaciesA,3,ElementB,2,ElementSetA,1,,,,,,,,,,,,
5.94,0,3.994944665,ValidationSection,ValidationDataset,436443,5449119,6,0,0,FaciesA,3,ElementB,2,ElementSetA,1,,,,,,,,,,,,
5.95,0,3.996322366,ValidationSection,ValidationDataset,436443,5449119,6,0,0,FaciesA,3,ElementB,2,ElementSetA,1,,,,,,,,,,,,
5.96,0,3.997700067,ValidationSection,ValidationDataset,436443,5449119,6,0,0,FaciesA,3,ElementB,2,ElementSetA,1,,,,,,,,,,,,
5.97,0,3.999077769,ValidationSection,ValidationDataset,436443,5449119,6,0,0,FaciesA,3,ElementB,2,ElementSetA,1,,,,,,,,,,,,
5.98,0,4.00045547,ValidationSection,ValidationDataset,436443,5449119,6,0,0,FaciesA,3,ElementB,2,ElementSetA,1,,,,,,,,,,,,
5.99,0,4.00045547,ValidationSection,ValidationDataset,436443,5449119,6,0,0,FaciesA,3,ElementB,2,ElementSetA,1,,,,,,,,,,,,
6,1,4.00045547,ValidationSection,ValidationDataset,436443,5449119,6,0,0,FaciesA,3,ElementB,2,ElementSetA,1,1,3.994914284,4.00045547,,,,,,,,,
6.01,0,4.00045547,ValidationSection,ValidationDataset,436443,5449119,7,0,0,FaciesA,3,ElementB,2,ElementSetA,1,,,,,,,,,,,,
6.02,0,4.050769106,ValidationSection,ValidationDataset,436443,5449119,7,0,0,FaciesA,3,ElementB,2,ElementSetA,1,,,,,,,,,,,,
6.03,0,4.101082741,ValidationSection,ValidationDataset,436443,5449119,7,0,0,FaciesA,3,ElementB,2,ElementSetA,1,,,,,,,,,,,,
6.04,0,4.151396377,ValidationSection,ValidationDataset,436443,5449119,7,0,0,FaciesA,3,ElementB,2,ElementSetA,1,,,,,,,,,,,,
6.05,0,4.201710013,ValidationSection,ValidationDataset,436443,5449119,7,0,0,FaciesA,3,ElementB,2,ElementSetA,1,,,,,,,,,,,,
6.06,0,4.252023649,ValidationSection,ValidationDataset,436443,5449119,7,0,0,FaciesA,3,ElementB,2,ElementSetA,1,,,,,,,,,,,,
6.07,0,4.302337285,ValidationSection,ValidationDataset,436443,5449119,7,0,0,FaciesA,3,ElementB,2,ElementSetA,1,,,,,,,,,,,,
6.08,0,4.35265092,ValidationSection,ValidationDataset,436443,5449119,7,0,0,FaciesA,3,ElementB,2,ElementSetA,1,,,,,,,,,,,,
6.09,0,4.402964556,ValidationSection,ValidationDataset,436443,5449119,7,0,0,FaciesA,3,ElementB,2,ElementSetA,1,,,,,,,,,,,,
6.1,0,4.453278192,ValidationSection,ValidationDataset,436443,5449119,7,0,0,FaciesA,3,ElementB,2,ElementSetA,1,,,,,,,,,,,,
6.11,0,4.503591828,ValidationSection,ValidationDataset,436443,5449119,7,0,0,FaciesA,3,ElementB,2,ElementSetA,1,,,,,,,,,,,,
6.12,0,4.553905464,ValidationSection,ValidationDataset,436443,5449119,7,0,0,FaciesA,3,ElementB,2,ElementSetA,1,,,,,,,,,,,,
6.13,0,4.604219099,ValidationSection,ValidationDataset,436443,5449119,7,0,0,FaciesA,3,ElementB,2,ElementSetA,1,,,,,,,,,,,,
6.14,0,4.654532735,ValidationSection,ValidationDataset,436443,5449119,7,0,0,FaciesA,3,ElementB,2,ElementSetA,1,,,,,,,,,,,,
6.15,0,4.704846371,ValidationSection,ValidationDataset,436443,5449119,7,0,0,FaciesA,3,ElementB,2,ElementSetA,1,,,,,,,,,,,,
6.16,0,4.755160007,ValidationSection,ValidationDataset,436443,5449119,7,0,0,FaciesA,3,ElementB,2,ElementSetA,1,,,,,,,,,,,,
6.17,0,4.805473643,ValidationSection,ValidationDataset,436443,5449119,7,0,0,FaciesA,3,ElementB,2,ElementSetA,1,,,,,,,,,,,,
6.18,0,4.855787278,ValidationSection,ValidationDataset,436443,5449119,7,0,0,FaciesA,3,ElementB,2,ElementSetA,1,,,,,,,,,,,,
6.19,0,4.906100914,ValidationSection,ValidationDataset,436443,5449119,7,0,0,FaciesA,3,ElementB,2,ElementSetA,1,,,,,,,,,,,,
6.2,0,4.95641455,ValidationSection,ValidationDataset,436443,5449119,7,0,0,FaciesA,3,ElementB,2,ElementSetA,1,,,,,,,,,,,,
6.21,0,5.008914333,ValidationSection,ValidationDataset,436443,5449119,7,0,0,FaciesA,3,ElementB,2,ElementSetA,1,,,,,,,,,,,,
6.22,0,5.061414117,ValidationSection,ValidationDataset,436443,5449119,7,0,0,FaciesA,3,ElementB,2,ElementSetA,1,,,,,,,,,,,,
6.23,0,5.1139139,ValidationSection,ValidationDataset,436443,5449119,7,0,0,FaciesA,3,ElementB,2,ElementSetA,1,,,,,,,,,,,,
6.24,0,5.166413683,ValidationSection,ValidationDataset,436443,5449119,7,0,0,FaciesA,3,ElementB,2,ElementSetA,1,,,,,,,,,,,,
6.25,0,5.218913467,ValidationSection,ValidationDataset,436443,5449119,7,0,0,FaciesA,3,ElementB,2,ElementSetA,1,,,,,,,,,,,,
6.26,0,5.27141325,ValidationSection,ValidationDataset,436443,5449119,7,0,0,FaciesA,3,ElementB,2,ElementSetA,1,,,,,,,,,,,,
6.27,0,5.323913033,ValidationSection,ValidationDataset,436443,5449119,7,0,0,FaciesA,3,ElementB,2,ElementSetA,1,,,,,,,,,,,,
6.28,0,5.376412817,ValidationSection,ValidationDataset,436443,5449119,7,0,0,FaciesA,3,ElementB,2,ElementSetA,1,,,,,,,,,,,,
6.29,0,5.4289126,ValidationSection,ValidationDataset,436443,5449119,7,0,0,FaciesA,3,ElementB,2,ElementSetA,1,,,,,,,,,,,,
6.3,0,5.481412383,ValidationSection,ValidationDataset,436443,5449119,7,0,0,FaciesA,3,ElementB,2,ElementSetA,1,,,,,,,,,,,,
6.31,0,5.533912167,ValidationSection,ValidationDataset,436443,5449119,7,1,0,FaciesA,3,ElementB,2,ElementSetA,1,,,,,,,,,,,,
6.32,0,5.58641195,ValidationSection,ValidationDataset,436443,5449119,7,1,0,FaciesA,3,ElementB,2,ElementSetA,1,,,,,,,,,,,,
6.33,0,5.638911733,ValidationSection,ValidationDataset,436443,5449119,7,1,0,FaciesA,3,ElementB,2,ElementSetA,1,,,,,,,,,,,,
6.34,0,5.691411517,ValidationSection,ValidationDataset,436443,5449119,7,1,0,FaciesA,3,ElementB,2,ElementSetA,1,,,,,,,,,,,,
6.35,0,5.7439113,ValidationSection,ValidationDataset,436443,5449119,7,1,0,FaciesA,3,ElementB,2,ElementSetA,1,,,,,,,,,,,,
6.36,0,5.796411083,ValidationSection,ValidationDataset,436443,5449119,7,1,0,FaciesA,3,ElementB,2,ElementSetA,1,,,,,,,,,,,,
6.37,0,5.848910867,ValidationSection,ValidationDataset,436443,5449119,7,1,0,FaciesA,3,ElementB,2,ElementSetA,1,,,,,,,,,,,,
6.38,0,5.90141065,ValidationSection,ValidationDataset,436443,5449119,7,1,0,FaciesA,3,ElementB,2,ElementSetA,1,,,,,,,,,,,,
6.39,0,5.953910433,ValidationSection,ValidationDataset,436443,5449119,7,1,0,FaciesA,3,ElementB,2,ElementSetA,1,,,,,,,,,,,,
6.4,0,6.006410217,ValidationSection,ValidationDataset,436443,5449119,7,1,0,FaciesA,3,ElementB,2,ElementSetA,1,,,,,,,,,,,,
6.41,0,6.055585037,ValidationSection,ValidationDataset,436443,5449119,7,1,0,FaciesA,3,ElementB,2,ElementSetA,1,,,,,,,,,,,,
6.42,0,6.104759858,ValidationSection,ValidationDataset,436443,5449119,7,1,0,FaciesA,3,ElementB,2,ElementSetA,1,,,,,,,,,,,,
6.43,0,6.153934679,ValidationSection,ValidationDataset,436443,5449119,7,1,0,FaciesA,3,ElementB,2,ElementSetA,1,,,,,,,,,,,,
6.44,0,6.2031095,ValidationSection,ValidationDataset,436443,5449119,7,1,0,FaciesA,3,ElementB,2,ElementSetA,1,,,,,,,,,,,,
6.45,0,6.252284321,ValidationSection,ValidationDataset,436443,5449119,7,1,0,FaciesA,3,ElementB,2,ElementSetA,1,,,,,,,,,,,,
6.46,0,6.301459142,ValidationSection,ValidationDataset,436443,5449119,7,1,0,FaciesA,3,ElementB,2,ElementSetA,1,,,,,,,,,,,,
6.47,0,6.350633962,ValidationSection,ValidationDataset,436443,5449119,7,1,0,FaciesA,3,ElementB,2,ElementSetA,1,,,,,,,,,,,,
6.48,0,6.399808783,ValidationSection,ValidationDataset,436443,5449119,7,1,0,FaciesA,3,ElementB,2,ElementSetA,1,,,,,,,,,,,,
6.49,0,6.448983604,ValidationSection,ValidationDataset,436443,5449119,7,1,0,FaciesA,3,ElementB,2,ElementSetA,1,,,,,,,,,,,,
6.5,0,6.498158425,ValidationSection,ValidationDataset,436443,5449119,7,1,0,FaciesA,3,ElementB,2,ElementSetA,1,,,,,,,,,,,,
6.51,0,6.547333246,ValidationSection,ValidationDataset,436443,5449119,7,1,0,FaciesA,3,ElementB,2,ElementSetA,1,,,,,,,,,,,,
6.52,0,6.596508067,ValidationSection,ValidationDataset,436443,5449119,7,1,0,FaciesA,3,ElementB,2,ElementSetA,1,,,,,,,,,,,,
6.53,0,6.645682887,ValidationSection,ValidationDataset,436443,5449119,7,1,0,FaciesA,3,ElementB,2,ElementSetA,1,,,,,,,,,,,,
6.54,0,6.694857708,ValidationSection,ValidationDataset,436443,5449119,7,1,0,FaciesA,3,ElementB,2,ElementSetA,1,,,,,,,,,,,,
6.55,0,6.744032529,ValidationSection,ValidationDataset,436443,5449119,7,1,0,FaciesA,3,ElementB,2,ElementSetA,1,,,,,,,,,,,,
6.56,0,6.79320735,ValidationSection,ValidationDataset,436443,5449119,7,1,0,FaciesA,3,ElementB,2,ElementSetA,1,,,,,,,,,,,,
6.57,0,6.842382171,ValidationSection,ValidationDataset,436443,5449119,7,1,0,FaciesA,3,ElementB,2,ElementSetA,1,,,,,,,,,,,,
6.58,0,6.891556991,ValidationSection,ValidationDataset,436443,5449119,7,1,0,FaciesA,3,ElementB,2,ElementSetA,1,,,,,,,,,,,,
6.59,0,6.940731812,ValidationSection,ValidationDataset,436443,5449119,7,1,0,FaciesA,3,ElementB,2,ElementSetA,1,,,,,,,,,,,,
6.6,0,6.989906633,ValidationSection,ValidationDataset,436443,5449119,7,1,0,FaciesA,3,ElementB,2,ElementSetA,1,,,,,,,,,,,,
6.61,0,7.041195304,ValidationSection,ValidationDataset,436443,5449119,7,1,0,FaciesA,3,ElementB,2,ElementSetA,1,,,,,,,,,,,,
6.62,0,7.092483975,ValidationSection,ValidationDataset,436443,5449119,7,1,0,FaciesA,3,ElementB,2,ElementSetA,1,,,,,,,,,,,,
6.63,0,7.143772646,ValidationSection,ValidationDataset,436443,5449119,7,1,0,FaciesA,3,ElementB,2,ElementSetA,1,,,,,,,,,,,,
6.64,0,7.195061317,ValidationSection,ValidationDataset,436443,5449119,7,1,0,FaciesA,3,ElementB,2,ElementSetA,1,,,,,,,,,,,,
6.65,0,7.246349988,ValidationSection,ValidationDataset,436443,5449119,7,1,0,FaciesA,3,ElementB,2,ElementSetA,1,,,,,,,,,,,,
6.66,0,7.297638659,ValidationSection,ValidationDataset,436443,5449119,7,1,0,FaciesA,3,ElementB,2,ElementSetA,1,,,,,,,,,,,,
6.67,0,7.34892733,ValidationSection,ValidationDataset,436443,5449119,7,1,0,FaciesA,3,ElementB,2,ElementSetA,1,,,,,,,,,,,,
6.68,0,7.400216001,ValidationSection,ValidationDataset,436443,5449119,7,1,0,FaciesA,3,ElementB,2,ElementSetA,1,,,,,,,,,,,,
6.69,0,7.451504672,ValidationSection,ValidationDataset,436443,5449119,7,1,0,FaciesA,3,ElementB,2,ElementSetA,1,,,,,,,,,,,,
6.7,0,7.502793343,ValidationSection,ValidationDataset,436443,5449119,7,1,0,FaciesA,3,ElementB,2,ElementSetA,1,,,,,,,,,,,,
6.71,0,7.554082014,ValidationSection,ValidationDataset,436443,5449119,7,1,0,FaciesA,3,ElementB,2,ElementSetA,1,,,,,,,,,,,,
6.72,0,7.605370685,ValidationSection,ValidationDataset,436443,5449119,7,1,0,FaciesA,3,ElementB,2,ElementSetA,1,,,,,,,,,,,,
6.73,0,7.656659356,ValidationSection,ValidationDataset,436443,5449119,7,1,0,FaciesA,3,ElementB,2,ElementSetA,1,,,,,,,,,,,,
6.74,0,7.707948027,ValidationSection,ValidationDataset,436443,5449119,7,1,0,FaciesA,3,ElementB,2,ElementSetA,1,,,,,,,,,,,,
6.75,0,7.759236698,ValidationSection,ValidationDataset,436443,5449119,7,1,0,FaciesA,3,ElementB,2,ElementSetA,1,,,,,,,,,,,,
6.76,0,7.810525369,ValidationSection,ValidationDataset,436443,5449119,7,1,0,FaciesA,3,ElementB,2,ElementSetA,1,,,,,,,,,,,,
6.77,0,7.86181404,ValidationSection,ValidationDataset,436443,5449119,7,1,0,FaciesA,3,ElementB,2,ElementSetA,1,,,,,,,,,,,,
6.78,0,7.913102711,ValidationSection,ValidationDataset,436443,5449119,7,1,0,FaciesA,3,ElementB,2,ElementSetA,1,,,,,,,,,,,,
6.79,0,7.964391382,ValidationSection,ValidationDataset,436443,5449119,7,1,0,FaciesA,3,ElementB,2,ElementSetA,1,,,,,,,,,,,,
6.8,0,8.015680053,ValidationSection,ValidationDataset,436443,5449119,7,1,0,FaciesA,3,ElementB,2,ElementSetA,1,,,,,,,,,,,,
6.81,0,8.06926536,ValidationSection,ValidationDataset,436443,5449119,7,1,0,FaciesA,3,ElementB,2,ElementSetA,1,,,,,,,,,,,,
6.82,0,8.122850668,ValidationSection,ValidationDataset,436443,5449119,7,1,0,FaciesA,3,ElementB,2,ElementSetA,1,,,,,,,,,,,,
6.83,0,8.176435975,ValidationSection,ValidationDataset,436443,5449119,7,1,0,FaciesA,3,ElementB,2,ElementSetA,1,,,,,,,,,,,,
6.84,0,8.230021283,ValidationSection,ValidationDataset,436443,5449119,7,1,0,FaciesA,3,ElementB,2,ElementSetA,1,,,,,,,,,,,,
6.85,0,8.28360659,ValidationSection,ValidationDataset,436443,5449119,7,1,0,FaciesA,3,ElementB,2,ElementSetA,1,,,,,,,,,,,,
6.86,0,8.337191898,ValidationSection,ValidationDataset,436443,5449119,7,1,0,FaciesA,3,ElementB,2,ElementSetA,1,,,,,,,,,,,,
6.87,0,8.390777205,ValidationSection,ValidationDataset,436443,5449119,7,1,0,FaciesA,3,ElementB,2,ElementSetA,1,,,,,,,,,,,,
6.88,0,8.444362513,ValidationSection,ValidationDataset,436443,5449119,7,1,0,FaciesA,3,ElementB,2,ElementSetA,1,,,,,,,,,,,,
6.89,0,8.49794782,ValidationSection,ValidationDataset,436443,5449119,7,1,0,FaciesA,3,ElementB,2,ElementSetA,1,,,,,,,,,,,,
6.9,0,8.551533128,ValidationSection,ValidationDataset,436443,5449119,7,1,0,FaciesA,3,ElementB,2,ElementSetA,1,,,,,,,,,,,,
6.91,0,8.605118435,ValidationSection,ValidationDataset,436443,5449119,7,1,0,FaciesA,3,ElementB,2,ElementSetA,1,,,,,,,,,,,,
6.92,0,8.658703743,ValidationSection,ValidationDataset,436443,5449119,7,1,0,FaciesA,3,ElementB,2,ElementSetA,1,,,,,,,,,,,,
6.93,0,8.71228905,ValidationSection,ValidationDataset,436443,5449119,7,1,0,FaciesA,3,ElementB,2,ElementSetA,1,,,,,,,,,,,,
6.94,0,8.765874358,ValidationSection,ValidationDataset,436443,5449119,7,1,0,FaciesA,3,ElementB,2,ElementSetA,1,,,,,,,,,,,,
6.95,0,8.819459665,ValidationSection,ValidationDataset,436443,5449119,7,1,0,FaciesA,3,ElementB,2,ElementSetA,1,,,,,,,,,,,,
6.96,0,8.873044973,ValidationSection,ValidationDataset,436443,5449119,7,1,0,FaciesA,3,ElementB,2,ElementSetA,1,,,,,,,,,,,,
6.97,0,8.92663028,ValidationSection,ValidationDataset,436443,5449119,7,1,0,FaciesA,3,ElementB,2,ElementSetA,1,,,,,,,,,,,,
6.98,0,8.980215588,ValidationSection,ValidationDataset,436443,5449119,7,1,0,FaciesA,3,ElementB,2,ElementSetA,1,,,,,,,,,,,,
6.99,0,8.980215588,ValidationSection,ValidationDataset,436443,5449119,7,1,0,FaciesA,3,ElementB,2,ElementSetA,1,,,,,,,,,,,,
7,0,8.980215588,ValidationSection,ValidationDataset,436443,5449119,7,1,0,FaciesA,3,ElementB,2,ElementSetA,1,1,6.521513757,8.980215588,2,5.25821402,0.35,4,4.871557445,0.325,7,5.33564644,0.344285714
